id,criado_em,tipo,texto,dia_origem,fonte_id,ativo
1,2026-09-25,fonte,"[alerta 1] Nunca citar Francesca Gino nem Dan Ariely em honestidade, ética ou rituais. Brooks et al. 2016 retratado (já descartado corretamente no #051). Shu, Mazar, Gino, Ariely & Bazerman 2012 retratado. Mazar, Amir & Ariely 2008 falhou em replicação registrada (Verschuere et al. 2018, 19 laboratórios, N=4.674, d=-0,04).",51,,1
2,2026-09-25,fonte,[alerta 2] Danziger et al. 2011 (juízes com fome) está morto. Artefato de agendamento.,,,1
3,2026-09-25,rigor,[alerta 3] O processo judicial de Berkeley nunca existiu. Lenda urbana acadêmica.,,,1
4,2026-09-25,fonte,[alerta 4] Bronnie Ware não é fonte científica.,,,1
5,2026-09-25,fonte,"[alerta 5] Leanos et al. sobre aprender várias habilidades foi retratado. Só a versão 2023, com a retratação declarada.",,,1
6,2026-09-25,rigor,"[alerta 6] ""23 minutos para retomar o foco"" vem de entrevista do Gallup, não do paper de Mark et al. 2008.",,,1
7,2026-09-25,rigor,"[alerta 7] ""30 minutos reclamando encolhem o hipocampo"" é mito sem fonte primária, e está sendo espalhado por ferramentas de IA. Não citar.",,,1
8,2026-09-25,rigor,"[alerta 8] ""15 cigarros por dia"" (Holt-Lunstad) não é achado medido, é comparação retórica.",,,1
9,2026-09-25,rigor,[alerta 9] Otimismo neural de Sharot (N=15) foi demonstrado como artefato estatístico por Shah et al. 2016.,,,1
10,2026-09-25,rigor,"[alerta 10] ""84% previram que cooperariam, 61% cooperaram"" é fusão de dois estudos de Epley & Dunning 2000. Números corretos no registro do #063.",63,,1
11,2026-09-25,rigor,[alerta 11] O N do Estudo 2 de Epley & Dunning 2000 não é público. Qualquer Beta sobre os 90% seria denominador inventado.,,,1
12,2026-09-25,rigor,"[alerta 12] Microdados do INEP não trazem mais data de nascimento. Pós-2020 as bases são anonimizadas e a página oficial exclui dados individuais de alunos. Isso inviabiliza, com dado aberto, a réplica brasileira do #062 e qualquer desenho de idade relativa baseado em Censo Escolar. (O #100 usou os *Indicadores de Trajetória* do INEP, que são agregados; não contradiz este alerta.)",62,,1
13,2026-09-25,fonte,"[alerta 13] Outliers, de Malcolm Gladwell, não é fonte. A ""Lei de Ferro do Hóquei Canadense"" é a formulação dele para Barnsley, Thompson & Barnsley, 1985 (*CAHPER Journal* 51). Citar o artigo. O livro também carrega a regra das dez mil horas, que não sobreviveu às meta-análises posteriores.",,,1
14,2026-09-25,rigor,"[alerta 14] HR 3,15 do Alimujiang: não confirmado, excluído.",,,1
15,2026-09-25,rigor,"[alerta 15] O paradoxo de Simpson não é argumento contra denúncia de discriminação. Sempre que o #066 for citado em dias futuros, essa moldura precisa vir junto.",66,,1
16,2026-09-25,fonte,"[alerta 16] Danziger et al., 2011 (juízes e liberdade condicional): permanentemente fora. Provável artefato de agendamento. É o estudo mais citado do tema de fadiga de decisão, portanto o risco de reentrada é alto.",,,1
17,2026-09-25,rigor,"[alerta 17] Esgotamento do ego falhou em replicação (Hagger 2016, 23 laboratórios, N=2.141; Vohs 2021, N=3.531). Qualquer dia que dependa desse conceito precisa declarar isso no corpo do texto, não no rodapé.",,,1
18,2026-09-25,rigor,"[alerta 18] Resultado nulo exige cálculo de poder. Padrão fixado no #068: nulo não prova ausência, limita o tamanho. Publicar nulo sem efeito mínimo detectável não é mais aceitável no projeto.",68,,1
19,2026-09-25,rigor,"[alerta 19] Intervalo de predição não é intervalo de confiança. Sempre que uma meta-análise publicar os dois, os dois entram. O primeiro fala da média, o segundo do próximo caso.",,,1
20,2026-09-25,rigor,[alerta 20] Traduções próprias devem ser declaradas e conferidas por segunda rota. Padrão fixado no #069 (escala Likert como checagem) e no #067 (análise de sensibilidade).,69,,1
21,2026-09-25,rigor,[alerta 21] `stats.nct` retorna NaN com ncp grande em algumas versões de scipy. Proteger com `np.nan_to_num`. Ver #068.,68,,1
22,2026-09-25,fonte,"[alerta 22] A estatística dos ""23 minutos para voltar ao foco"" continua na lista negra. Proposta de novo para o #100 em 16/09 e recusada.",100,,1
23,2026-09-25,fonte,"[alerta 23] Gottman e a previsão de divórcio com 90% de acerto: não usar. Modelo ajustado nos mesmos dados que previu. Relevante para o dia do divórcio, na reserva.",,,1
24,2026-09-25,rigor,"[alerta 24] Publicar dia com N desconhecido é exceção, não regra (ver #075). Só cabe quando a tese não depende da magnitude do efeito, e a ausência precisa estar declarada no notebook, no console e nas limitações.",75,,1
25,2026-09-25,rigor,"[alerta 25] Simulação para demonstrar mecanismo é permitida, desde que com parâmetros e semente declarados dentro do gráfico e do texto, e nunca apresentada como estimativa (ver #072).",72,,1
26,2026-09-25,rigor,"[alerta 26] Reanálise que contradiz o achado original entra no corpo do texto, não no rodapé (ver #074, van der Slik).",74,,1
27,2026-09-25,rigor,"[alerta 27] Fonte de indústria é exceção, e exige declaração no corpo do texto. Ver #077. Só cabe quando não existe alternativa melhor e a consequência de errar é baixa. Nunca em dia sobre saúde, dinheiro ou decisão de vida.",77,,1
28,2026-09-25,rigor,"[alerta 28] Quando a fonte tem inconsistência interna, o dia cita e não resolve. Ver #077. Escolher uma das cifras sem base seria inventar.",77,,1
29,2026-09-25,forma,"[alerta 29] Limite de forma: no máximo dois dias por bloco de dez com ""achado famoso mais disputa metodológica"". Registrado após #071, violado em #073, #074 e #076, respeitado no bloco #091-#100 (#096 e #098).",71,,1
30,2026-09-25,fonte,"[alerta 30] O tema ""o tempo passa mais rápido com a idade"" está queimado desde o #047.",47,,1
31,2026-09-25,rigor,"[alerta 31] PADRÃO PREOCUPANTE: N não localizado. Aconteceu em #075 (Yan & Dando), #078 (Gable 2004), #080 (Lindqvist 2020) e #103 (Lu, Musalem et al. 2013). Em todos, a tese não dependia da magnitude e a ausência foi declarada. A regra ""se acontecer uma quarta vez, trocar o tema"" foi fixada para o mesmo bloco; o #103 é de outro bloco, mas o padrão está no limite. Próxima ocorrência: trocar.",75,,1
32,2026-09-25,forma,"[alerta 32] PADRÃO DE FORMA: assinatura de poder usada em quatro dias (#068, #071, #078, #080). O #079 quebrou a sequência com Spearman-Brown. Alternar deliberadamente.",68,,1
33,2026-09-25,rigor,"[alerta 33] Correção ao banco: o d de 0,62 do enquadramento não se confirma. Os números verificados são: reversão em 31 dos 36 laboratórios (Many Labs 1, N=6.344) e efeito agrupado g = 0,44 [0,38 · 0,50] (Many Labs 2, 55 estimativas).",,,1
34,2026-09-25,fonte,[alerta 34] Rodar busca no arquivo ANTES de propor tema. Três temas foram propostos e barrados em agosto por falta desse passo; mais dois em setembro (ver temas queimados).,,,1
35,2026-09-25,fonte,"[alerta 35] MacLaren et al. 2020 está queimado. É a fonte central do #059 (babble effect, r=0,67, com contraforças de Bottger, Littlepage e Laughlin & Ellis). Tema proposto para o #093 e barrado em 02/09 pela varredura. Não reabrir.",59,,1
36,2026-09-25,rigor,"[alerta 36] O 93% do Song et al. 2010 é previsibilidade POTENCIAL, teto teórico derivado da desigualdade de Fano, não acerto medido. Publicar como teto, com Lu et al. 2013 (87 a 95% de acerto real em modelos de Markov) como companhia. Confundir teto com acerto seria o erro que o projeto denuncia.",,,1
37,2026-09-25,rigor,"[alerta 37] Os ""50/90/200 horas"" do Hall 2019 são arredondamento viral. Pontos de 50% da regressão logística publicada: ~94h (amigo casual), ~164h (amigo), 200+ (próximo). O Estudo 2 (calouros) anda mais rápido: 57h. Se o dia for montado, usar o publicado. Ana não quer o tema neste bloco.",,,1
38,2026-09-25,rigor,"[alerta 38] Bernstein & Turban 2018 mede interação, não produtividade. O desfecho é conversa face a face e tráfego eletrônico em duas empresas. Não extrapolar para desempenho nem para veredito sobre escritório aberto em geral.",,,1
39,2026-09-25,forma,"[alerta 39] Cota de forma do bloco #091-#100: fechada com #096 e #098. O #097 (mito enterrado com magnitude honesta) não contou. Bloco #101-#110: zero dias de disputa até 25/09 (o da correção de crença, que abriria a cota, foi adiado).",91,,1
40,2026-09-25,rigor,[alerta 40] Ego depletion aposentado como dia próprio. Hagger 2016 e Vohs 2021 já entraram como contrapeso no #067; um dia inteiro repetiria as fontes como centrais.,67,,1
41,2026-09-25,forma,"[alerta 41] Eixo amizade monitorado: #083 e #089 tocam a corda em dias próximos, com fontes distintas e par declarado. Hall 2019 saiu do #096 para não fazer três em duas semanas. Próximo dia de amizade só em semana sem vizinhos do tema.",83,,1
42,2026-09-25,rigor,"[alerta 42] A ""ilusão de coragem"" atribuída a ""Loewenstein et al., Carnegie Mellon"" no #004 está com atribuição incorreta. Não reusar a citação em nenhum dia até a correção (pendência 4). O #004 também usa uma fonte sem metodologia (Enterprise Apps Today) e um ""70%"" que é estimativa apresentada como dado.",4,,1
43,2026-09-25,rigor,"[alerta 43] Paradoxo do aniversário já saiu. Ana, 21/09: ""o dia do aniversário já saiu"". Não repropor na série dos cabalísticos. Conferir em qual dia entrou antes de citar como ponte.",,,1
44,2026-09-25,rigor,"[alerta 44] Kahneman liberado para reuso por Ana (18/09), com reuso declarado no notebook e sem sequência de dias de *Rápido e Devagar*. Substitui o alerta antigo da Parte 1.",,,1
45,2026-09-25,rigor,"[alerta 45] Dois Cohens. Randy Cohen (#064, #092) e Sheldon Cohen (abraço, reserva). Nome completo sempre que o segundo entrar. Mesma regra do Seymour Epstein (#079).",64,,1
46,2026-09-25,rigor,"[alerta 46] Albarracín assina o #061 (Hart 2009) e a fonte central do dia da correção de crença (Chan 2017), na reserva. Declarar a corda se aquele dia for publicado.",61,,1
47,2026-09-25,rigor,"[alerta 47] Christenfeld com reserva declarada pela Ana (denúncias de má conduta na Wikipédia). Nenhum dia o cita até decisão explícita dela. O #107 foi montado sem Roy, Christenfeld & McKenzie 2005.",107,,1
48,2026-09-25,forma,"[alerta 48] Série dos ""números cabalísticos"" (a partir do #104): não exige fonte publicada. Basta dado oficial ou simulação própria com semente declarada, comparação estatística explícita, e o bloco de abertura chamado ""A conta que ninguém faz"". Os blocos seguintes continuam ""O modelo"" e ""O insight"". Manter o formato ""Qual a probabilidade de...?"".",104,,1
49,2026-09-25,rigor,"[alerta 49] Beta sobre escolhas repetidas da mesma pessoa dá precisão falsa (lição do #090). Quando a fonte tem várias observações por pessoa, o teste é por pessoa.",90,,1
50,2026-09-25,rigor,"[alerta 50] Regra do modelo próprio (desde o #090): todo dia tem pelo menos uma conta nossa (posterior, Monte Carlo, simulação ou tradução declarada), não só a assinatura estatística da fonte. Um dia ""só estudo"" não passa.",90,,1
51,2026-09-25,rigor,"[alerta 51] Salimpoor et al. 2011 nunca entra como estimativa populacional. O N é um funil de triagem até 8 pessoas; o estudo demonstra mecanismo (dopamina no estriado), e é assim que o #105 o trata. Fecha a antiga pendência do N.",105,,1
52,2026-09-25,fonte,"[alerta 52] Wang & Zhou 2018 (fila única) fora, por decisão editorial da Ana (""quero colocar fila única fora"", 21/09). Não é problema de rigor; é escolha de tema.",,,1
53,2026-09-25,vocabulario,"[alerta 53] Vocabulário de loteria: ""número"", não ""dezena"" (regra de 22/09). ""Dezena"" só ao descrever a regra oficial.",,,1
54,2026-09-25,vocabulario,[alerta 54] Reticências: proibidas no texto escrito pelo assistente; liberadas quando são da voz da própria Ana (regra de 18/09). Nunca removê-las dela em revisão.,,,1
55,2026-09-25,rigor,"[alerta 55] O qui-quadrado carrega N como fator multiplicativo. Com amostra grande, desvio irrelevante vira rejeição. Sempre que um dia usar qui-quadrado sobre N grande, a régua de distância (SSD, desvio máximo em pontos percentuais) entra junto. Referência: Kossovsky 2021, *Stats* 4(2). Demonstrado no material do Benford.",,,1
56,2026-09-25,rigor,"[alerta 56] A lei de Benford NÃO serve para detectar fraude eleitoral. Deckert, Myagkov & Ordeshook 2011, *Political Analysis* 19(3): o tamanho da seção é limitado por desenho e não cresce multiplicando, então o primeiro dígito não tem por que seguir a lei; o teste acusa eleições limpas e deixa passar manipulação real. Mebane 2011 defende o segundo dígito em desenhos específicos. Se o tema voltar, os dois lados entram e nenhuma eleição específica é citada.",,,1
57,2026-09-25,vocabulario,"[alerta 57] Vocabulário: usar ""atraso"", nunca ""extrapolação"". Extrapolar, em estatística, é estender um modelo além da faixa dos dados, e não é o sentido pretendido. Alternativas aceitas: ""fator de atraso"" e ""derrapagem"". ""Estouro"" recusado por Ana.",,,1
58,2026-09-25,rigor,"[alerta 58] Cachorro e dono (Roy & Christenfeld 2004) descartado com número. Análise de poder de 26/09 sobre a tabela por par: com 25 pares o desenho precisava de EXATAMENTE 16 reconhecidos para significar a 5% (base 42,5%), e foi o que achou; o poder para detectar o próprio efeito (53,7% por juiz) é de 36%. Nos 20 vira-latas, efeito mínimo detectável de +6,9 pp com 80% de poder, e 35% de poder para um efeito do tamanho do grupo de raça. Julgamentos agrupados: raça 376/700 = 53,7% [50,0 · 57,4], vira-lata 280/560 = 50,0% [45,9 · 54,1]. Posterior hierárquica 53,9% [47,6 · 60,1], P(acima do acaso) = 89%; diferença entre grupos +3,8 pp [−5,5 · +13,0], 79%. Se voltar, volta como dia sobre a fragilidade de um achado famoso, nunca como dia sobre cachorro.",,,1
59,2026-09-25,vocabulario,"[alerta 59] Registro de vocabulário, fixado por Ana em 26/09. Nem chulo, nem popular demais, nem rebuscado. A régua é o português neutro e preciso: a palavra certa, sem gíria de um lado e sem ornamento do outro. Fora: expressão coloquial e de conversa (""numa sentada"", ""do zero"", ""tacada"", ""na lata""), e o vulgar em qualquer contexto. Fora também o sinônimo erudito escolhido por soar culto quando existe a palavra comum e exata. Dentro: a palavra técnica quando é a correta e o leitor acompanha (""atraso"", ""derrapagem"", ""intervalo"", ""prazo""), e a imagem concreta quando ela faz trabalho de argumento (""sem uma hora a mais na cadeira"", ""onde o elevador dorme""). Imagem que só enfeita cai junto com o resto. Não conflita com a regra de capas (#095): lá o alvo é a manchete, aqui é o corpo.",95,,1
60,2026-09-25,vocabulario,"[alerta 60] Erro de sujeito com o verbo ""cair"", pego por Ana duas vezes no #110. Quem cai é a chance, nunca a pessoa. ""Essa pessoa cai para 51,4%"" está errado; o certo é ""a chance dela cai"" ou ""essa chance vai de 65% para 51,4%"". E quando a resposta esperada é de alta, não usar ""cai"" na pergunta: ""aparece mais ou menos socorro?"" em vez de ""a chance de alguém ajudar cai?"". Verbo neutro em pergunta de direção aberta. ---",110,,1
61,2026-09-25,autor,"Lally, van Jaarsveld, Potts & Wardle (2010) - usado em TRÊS dias. `European Journal of Social Psychology`, N=82, mediana de 66 dias, faixa 18-254. **Este é o reuso mais pesado do projeto.** O #036 e o #060 rodam a mesma forma funcional sobre o mesmo N=82. Se o tema de hábito voltar, precisa de fonte nova (sugestão: Fournier et al. ou Keller et al. 2021) ou de ângulo declaradamente diferente. **Lally está queimada até o fim do projeto.** (Os 66 dias voltaram a ser citados só como reuso declarado nas fontes validadas para a sobrevivência dos 100 dias, tema que ficou na reserva.)",,,1
62,2026-09-25,autor,"Killingsworth & Gilbert (2010) - usado em dois dias. `Science` 330(6006), N=15.000. Dias **#007** e **#013**. Já estava declarado no próprio #013 (""já utilizado no Dia #007 deste projeto""), o que está correto. Não repetir uma terceira vez.",,,1
63,2026-09-25,autor,"Reed & Ones (2006) - usado em dois dias. `Psychology of Sport and Exercise` 7, 477-514. Dias **#034** e **#043**. Risco baixo: no #043 entrou só como apoio qualitativo, sem tamanho de efeito, e isso está declarado na nota metodológica. Registrado por completude.",,,1
64,2026-09-25,autor,"Autores novos registrados em #061 e #062 - sem colisão. Hart et al. 2009, Festinger 1957, Layton et al. 2018. Nenhum aparecia nos dias #001 a #060. Livre para uso futuro, respeitando a regra de não repetir fonte central.",,,1
65,2026-09-25,autor,"Kahneman, D. - autor recorrente, LIBERADO POR ANA em 18/09/2026. Aparece em **#005** (Kahneman & Deaton 2010), **#035** (peak-end, três artigos), **#039** (Kahneman & Klein 2009, como conceito) e **#081** (Tversky & Kahneman 1981, enquadramento). O alerta antigo de ""evitar um quarto dia ancorado nele"" foi suspenso por decisão da Ana (""sou muito fã do Kahneman, pode repetir ele sim""), com duas condições: o reuso é declarado no notebook, e os dias de *Rápido e Devagar* não vêm em sequência (""colocar tudo na sequência é muito ruim""). O #107 cita Kahneman & Tversky 1979 como origem do conceito de falácia do planejamento: quinta aparição, declarada.",,,1
66,2026-09-25,autor,"Dunning, D. — usado em DOIS dias. Estudos diferentes, sem colisão de dado. Mas o nome já apareceu duas vezes em 36 dias. **Não usar uma terceira vez sem ângulo declaradamente novo.**",,,1
67,2026-09-25,autor,"Epley, N. — usado em DOIS dias. Somado ao alerta acima, **a dupla Epley/Dunning está saturada até o fim do bloco atual.**",,,1
68,2026-09-25,autor,"Kruger, J. — atenção ao reuso. Justin Kruger assina o #027 (Kruger & Dunning 1999) e também Kruger & Evans 2004 (*JESP* 40(5), ""desempacotar"" tarefas reduz a falácia do planejamento). Se o #107 usar o segundo, declarar o nome. Não confundir com Joachim Krueger (crítica ao #027).",,,1
69,2026-09-25,autor,"Tappin & McKay — dois artigos no MESMO dia. No #063 entram 2017 (*SPPS* 8(6), N=270) e 2019 (*SPPS* 10(2), N=827 e N=825). É deliberado: o segundo é o contrapeso nulo do primeiro. Registrado para que o par não seja lido como reuso descuidado. **Não reabrir esses dois autores.**",,,1
70,2026-09-25,autor,"Autores novos registrados em #064, #065 e #066 — sem colisão. Sutin, Luchetti, Stephan e Terracciano (2026); Alimujiang, Wiensch, Boss, Fleischer, Mondul, McLean, Mukherjee e Pearce (2019); Cohen, Bavishi e Rozanski (2016); Scoboria, Wade, Lindsay, Azad, Strange, Ost e Hyman (2017); Pezdek (1997); Brewin e Andrews (2017); Bickel, Hammel e O'Connell (1975); Rekdal (2014); Rogers e Aida (2014); Rogers, ten Brinke e Carney (2016). Nenhum aparecia nos dias #001 a #062.",,,1
71,2026-09-25,autor,"Rozanski, Bavishi, Cohen (Randy) e Kubzansky — colisão tripla, tratada como conteúdo. Cohen, Bavishi & Rozanski 2016 assinam o #064 (propósito). Rozanski, Bavishi, Kubzansky & Cohen 2019 assinam o #092 (otimismo), e Kubzansky assina as duas fontes do #092. Reuso declarado no notebook do #092 e no texto (""os dois dias não se somam""). **Grupo fechado para novos dias.**",,,1
72,2026-09-25,autor,"Cohen — dois pesquisadores diferentes, regra do nome completo. **Randy Cohen** (cardiologia, #064 e #092) e **Sheldon Cohen** (Carnegie Mellon, psiconeuroimunologia; fonte validada do abraço e resfriado, na reserva). Se o abraço for montado, escrever ""Sheldon Cohen"" sempre, nunca ""Cohen et al."", para não parecer quarta aparição do grupo do #064.",,,1
73,2026-09-25,autor,"Albarracín, D. — em uma fonte publicada e uma na reserva. Assina Hart et al. 2009 (#061) e Chan, Jones, Hall Jamieson & Albarracín 2017 (fonte central do dia da correção de crença, notebook pronto na reserva). Estudos diferentes; se a correção for publicada, declarar a corda com o #061.",,,1
74,2026-09-25,autor,"Christenfeld, N. — nome com reserva declarada pela Ana. Roy & Christenfeld 2004 (cachorro e dono, validado e descartado em 25/09) e Roy, Christenfeld & McKenzie 2005 (*Psychological Bulletin*, meta-análise da subestimação de duração de tarefas). A Wikipédia registra denúncias de má conduta contra ele e a Ana ainda não decidiu se cita. **Não usar em nenhum dia sem decisão explícita dela.** O #107 foi montado sem ele. ---",,,1
75,2026-09-25,autor,"Autores novos registrados em #067 a #070 — sem colisão. Linder, Doctor, Friedberg, Reyes Nieva, Birks, Meeker e Fox (2014); Hsiang, Mehta, Small, Rareshide, Snider, Day e Patel (2019); Hagger (2016) e Vohs (2021); Siebers, Biedermann, Bindila, Lutz e Fuss (2021); Fuss (2015); Canales-Romero (2026); Exley e Kessler (2022); Fendel, Tiersch, Sölder, Gaab e Schmidt (2025); Spille, Seuling e Göritz (2023). Nenhum aparecia nos dias #001 a #066. **Atenção:** Fendel e Schmidt aparecem nas DUAS fontes do #070 (2025 e 2023). É deliberado, são o mesmo grupo de pesquisa, e está declarado no notebook. Siebers e Fuss aparecem em três referências do #068, pelo mesmo motivo. **Nenhum dos dois grupos deve ser reaberto no bloco atual.**",,,1
76,2026-09-25,tema,"Eixo temático saturado: ""o que se sente contra o que se mede"". Seis dias em nove tocam essa mesma corda, com fontes e desenhos distintos. **Não é colisão de fonte, mas é fadiga editorial.** O bloco #071 a #090 abriu com outro eixo.",,,1
77,2026-09-25,autor,"Autores novos registrados em #071 a #075 — sem colisão. Milkie, Nomaguchi e Denny (2015); Waldfogel (2016) e Kalil e Mayer, como comentaristas; Rotenstein, Torre, Ramos, Rosales, Guille, Sen e Mata (2018); Alentorn-Geli, Samuelsson, Musahl, Green, Bhandari e Karlsson (2017); Hartshorne, Tenenbaum e Pinker (2018); van der Slik (2022) e Frank (2018), como reanálise e crítica; Yan e Dando (2015); Woods (2011). Nenhum aparecia nos dias #001 a #070. **Atenção ao Pinker.** Nome de altíssima circulação pública. Se voltar, precisa ser por achado específico, não por autoridade.",,,1
78,2026-09-25,tema,"Eixo temático do bloco #071 a #075. O alerta de saturação do eixo ""o que se sente contra o que se mede"" foi respeitado. Os cinco dias abrem eixos distintos: tempo de convivência (#071), régua diagnóstica (#072), risco articular (#073), janela de aprendizado (#074) e percepção sensorial (#075). **Padrão observado, e ele merece vigilância:** três dos cinco dias deste bloco são ""achado famoso com disputa metodológica anexa"" (#071 com os comentários formais na mesma revista, #073 com os intervalos que cruzam o 1, #074 com a reanálise de van der Slik). É uma forma editorial forte e virou quase automática. **Não usar mais de dois dias assim por bloco de dez.**",,,1
79,2026-09-25,autor,"Autores novos registrados em #076 e #077 — sem colisão. Leota, Hoffman, Czeisler, Mascaro, Drummond, Anderson, Rajaratnam e Facer-Childs (2022); Lu, Klein-Cardeña, Lee, Antonsen, Girvan e Ott (2016); McHill e Chinoy (2020) e Winter (2009), como literatura divergente. Nenhum aparecia nos dias #001 a #075. O **#077** não tem autores: a fonte é institucional (SITA). Ver o alerta permanente sobre fonte de indústria.",,,1
80,2026-09-25,autor,"Autores novos registrados em #078 a #080 — sem colisão. Gable, Gonzaga, Strachman, Reis, Impett e Asher (2004 e 2006); Hartshorne e May (1928); Mischel (1968); Epstein (1979); Fleeson (2001); Shoda; Brickman, Coates e Janoff-Bulman (1978); Lindqvist, Östling e Cesarini (2020). Nenhum aparecia nos dias #001 a #077.",,,1
81,2026-09-25,autor,"Autores novos registrados em #081 a #098 — sem colisão (confirmados no fechamento). Klein e os 36 laboratórios do Many Labs (2014, 2018); Rohrer, Egloff e Schmukle (2015); Jakubowski, Eerola, Tillmann, Perrin e Heine (2020); Krumhansl e Zupnick (2013); Matthews (2016); Oreopoulos, von Wachter e Heisz (2012); Bloom, Liang, Roberts e Ying (2015 e 2024); Delgado, Vargas, Ackerman e Salmerón (2018); Kong, Seo e Zhai (2018); Feld (1991); Coleman (1961); Ugander (2011); Hodas (2013); Gu (2025); Starcke e Brand (2016); Forbes (2024); Sokol-Hessner (2016); Parslow e Rose (2022); Fricke (2025); Shields (2016); Nawijn, Marchand, Veenhoven e Vingerhoets (2010); Lee (2019, PNAS); Bernstein e Turban (2018); Galatzer-Levy, Huang e Bonanno (2018); Schäfer (2022); Song, Qu, Blumm e Barabás",,,1
82,2026-09-25,autor,"Autores novos registrados em #099 a #107 — sem colisão (confirmar no fechamento). Mandsager (2018); Stinebrickner e Stinebrickner (2014); INEP (2024, base administrativa); Norscia e Palagi (2011); Bartholomew e Cirulli (2014); Odean (1998); Lu, Musalem, Olivares e Schilkrut (2013); Caixa Econômica Federal (resultados oficiais, cópia pública); Fleurian e Pearce (2021); Goldstein (1980); Sloboda (1991); Panksepp (1995); Nusbaum e Silvia (2011); Mlejnek (2013); Nusbaum (2014); Bannister e Eerola (2018); Bannister (2020); Bignardi (2022 e 2026, só no notebook); Buehler, Griffin e Ross (1994 e 1995); Flyvbjerg, Skamris Holm e Buhl (2002). **Atenção a três nomes:** *Lu* aparece em #076 (Lu, Klein-Cardeña 2016), #095 (Lu 2013, Sci Rep) e #103 (Lu, Musalem 2013): três pessoas dif",,,1
83,2026-09-25,autor,"Autores novos registrados em #108 a #110 — sem colisão. Cepeda, Pashler, Vul, Wixted e Rohrer (2006 e 2008); Ebbinghaus (1885); Gamow e Stern (1958); Knuth (1969, não consultado); Philpot, Liebst, Bernasco e Lindegaard (2019); Fischer, Krueger, Greitemeyer, Vogrincic, Kastenmüller, Heene, Wicher e Kainbacher (2011); Manning e Collins (2007); Darley e Latané (1968). Nenhum aparecia nos dias #001 a #107. Varredura feita em 25 e 26/09 antes de propor cada tema. **ATENÇÃO, nome repetido: Mark Levine.** Ele assina as DUAS fontes do #110 (Philpot 2019 e Manning 2007). É deliberado, são trabalhos diferentes do mesmo pesquisador sobre o mesmo caso, e está declarado no notebook. Mesma regra do Fendel no #070.",,,1
84,2026-09-25,tema,"Tema queimado: Tempo passa mais rápido com a idade. já foi o #047 (Lemlich 1975, Wittmann & Lehnhoff 2005); proposto de novo para o #076 e barrado",,,1
85,2026-09-25,tema,"Tema queimado: Dinheiro e felicidade / esteira do salário. já foi o #005 (Kahneman & Deaton 2010, Killingsworth 2021, Killingsworth, Kahneman & Mellers 2023)",,,1
86,2026-09-25,tema,"Tema queimado: Noite mal dormida e julgamento. já foi o #042 (Yoo, Gujar, Hu, Jolesz & Walker 2007)",,,1
87,2026-09-25,tema,"Tema queimado: Temperatura da sala e desempenho por gênero. descartado: efeito só existe em subgrupo, sem efeito na amostra completa, sem replicação conhecida, e literatura vizinha com ~1 milhão de alunos aponta em outra direção",,,1
88,2026-09-25,tema,Tema queimado: Babble effect / quem fala mais lidera. já foi o #059 (MacLaren et al. 2020); proposto para o #093 e barrado,,,1
89,2026-09-25,tema,"Tema queimado: Paradoxo do aniversário. Ana, 21/09: ""o dia do aniversário já saiu"". Não repropor na série dos cabalísticos (conferir em qual dia entrou antes de citar)",,,1
90,2026-09-25,tema,Tema queimado: Esgotamento do ego como dia próprio. Hagger 2016 e Vohs 2021 já entraram como contrapeso no #067,,,1
91,2026-09-25,tema,"Tema queimado: Fila única contra filas paralelas. tirado do #103 por decisão da Ana (""quero colocar fila única fora""); Wang & Zhou 2018 fora",,,1
92,2026-09-25,tema,"Tema queimado: Cachorro e dono se parecem. validado (Roy & Christenfeld 2004) e descartado por Ana em 25/09 como ""muito fraco""",,,1
93,2026-09-25,forma,"[lição de janela] Resultado nulo sem cálculo de poder derruba o dia (alerta 18 aplicado ao cachorro, alerta 58). O julgamento da Ana de que o modelo estava ""fraco"" foi confirmado por número, não por impressão.",,,1
94,2026-09-25,voz,"[lição de janela] Quando a Ana diz que uma seção ficou estranha, o problema costuma ser etapa escondida, não ordem. No modelo do #110 havia três: um número inventado (o 65%) apresentado como medido, jargão não traduzido (""o g"", ""agregar"") e uma multiplicação invisível. A correção foi mostrar a conta: 48,6% vezes 48,6% dá 23,6%, sobra 76,4%.",,,1
95,2026-09-25,voz,"[lição de janela] A frase-chave de um modelo às vezes não está escrita em lugar nenhum. No #110 ela era ""basta uma pessoa agir; para dar errado, todas precisam falhar ao mesmo tempo"", e sem ela o leitor não acompanhava nada.",,,1
96,2026-09-25,forma,[lição de janela] Verificação de overflow do carrossel só vale medida pelas bordas do conteúdo. Com `justify-content:center` o `scrollHeight` colapsa e o teste passa falso.,,,1
97,2026-09-25,capa,"[lição de janela] Capa por afirmação, não por pergunta, nos três carrosséis da janela (#107 ""Esse projeto não vai atrasar"", #109 ""Você aperta para descer. Ele chega subindo."", #110 ""Se você precisar, ninguém vai parar.""). Pergunta o leitor responde de cabeça e segue rolando; afirmação ele precisa discordar, e para discordar precisa parar.",,,1
98,2026-09-25,capa,"[lição de janela] A legenda abre com a mesma frase da capa, para carrossel e legenda baterem no feed.",,,1
99,2026-09-27,rigor,"NAO existe limiar consagrado de coeficiente de variacao POPULACIONAL que desaconselhe a media. A regra dos 20% a 33% usada por institutos oficiais (IBGE, ABS, Statistics Canada) e sobre o CV do ESTIMADOR, ou seja, o erro padrao relativo de uma estimativa: e regra de precisao amostral, nao de dispersao da populacao. Nao transferir uma para a outra. Erro cometido e corrigido na producao do #111. Para dizer que a media parou de representar, usar fato aritmetico direto (o espalhamento contra a media, ou quanto do dominio os 80% do meio ocupam), que nao depende de convencao emprestada.",111,,1
100,2026-09-27,rigor,"Distinguir critica a media por VALIDADE e por USO. A media e tecnicamente desaconselhada quando nao existe (Cauchy, Pareto alfa<=1), quando a variancia e infinita (Pareto 1<alfa<=2, t com gl<=2), quando a escala nao e intervalar (Likert), quando a agregacao nao e aditiva (velocidades pedem harmonica, retornos pedem geometrica) e quando a distribuicao e claramente bimodal. Variancia grande, sozinha, nao e nenhum desses casos: afeta a precisao da estimativa, nao a validade da media. A critica do #111 e de uso: resposta sobre o conjunto aplicada a uma pessoa.",111,,1
101,2026-09-27,voz,"REGISTRO DE SIMPLIFICACAO, fixado por Ana em 27/09, a partir do #111. O Substack passa a fazer um trabalho so, contar a historia; a prova fica no notebook, que vai para o GitHub e sustenta o dossie. Nota de duas linhas no alto do post anunciando a mudanca. Cinco regras: (a) analogia SO quando a coisa real e dificil de ver, senao ela e uma segunda versao da mesma frase e atrasa o leitor; (b) formula nao entra na prosa, cita o nome do metodo uma vez e segue; (c) um numero por paragrafo, dois so quando se opoem; (d) sem sub-cabecalhos dentro de ""O modelo""; (e) se uma palavra precisa de definicao, ou troca a palavra ou gasta uma frase inteira nela, nunca um parentese. O teste e nos dias de modelo dificil, nao nos faceis.",111,,1
102,2026-09-27,voz,Tres conclusoes em negrito e nenhuma conclusao. O insight do #111 foi reescrito tres vezes porque abria com tres respostas de mesmo peso e o leitor nao sabia qual levar. A correcao e hierarquizar: as criticas menores viram nota de passagem e sobra uma frase sozinha em negrito. Vale para todo dia com mais de um achado.,111,,1
103,2026-09-27,vocabulario,"Nao usar ""nao pode ser usado para generalizar"" como critica a uma media. Em estatistica, generalizar e ir da amostra para a populacao, e um estudo bem desenhado faz isso direito; o que nao se pode e ir do grupo para a pessoa. Formulacao adotada por Ana no #111: ""o numero descreve o grupo e nao descreve ninguem do grupo"".",111,,1
104,2026-09-27,autor,"Dois pesquisadores de sobrenome parecido: Wendy WOOD (habito, #111) e Andy T. WOODS (som e paladar, apoio do #075). Escrever o nome completo sempre que o segundo entrar, para nao parecer reuso. Mesma regra dos dois Cohens e do Seymour Epstein.",111,,1
105,2026-09-27,forma,"O #111 e o PRIMEIRO dia do bloco #111-#120 com a forma ""achado famoso mais critica metodologica"". Limite de dois por bloco de dez (alerta de forma antigo, violado no bloco #071-#080). Resta um.",111,,1
