id,fonte_id,dia,papel,x080_aplicado,reuso_declarado,nota
1,1,1,central,0,0,
2,2,1,apoio,0,0,
3,3,4,central,1,0,
4,4,4,apoio,1,0,
5,5,5,central,1,0,
6,6,5,apoio,1,0,
7,7,5,apoio,1,0,
8,8,6,central,1,0,
9,9,6,apoio,1,0,
10,10,6,apoio,1,0,
11,11,7,central,1,0,
12,12,7,apoio,1,0,
13,13,8,central,1,0,
14,14,8,apoio,1,0,
15,15,8,apoio,1,0,
16,16,9,central,1,0,
17,17,9,apoio,1,0,
18,18,9,apoio,1,0,
19,19,10,central,1,0,
20,20,10,apoio,1,0,
21,21,10,apoio,1,0,
22,22,11,central,1,0,
23,23,12,central,1,0,
24,24,13,central,1,0,
25,11,13,apoio,1,1,
26,25,14,central,0,0,
27,26,14,apoio,0,0,
28,27,15,central,1,0,
29,28,16,central,1,0,
30,29,16,apoio,1,0,
31,30,17,central,1,0,
32,31,17,apoio,1,0,
33,32,17,apoio,1,0,
34,33,18,central,1,0,
35,34,18,apoio,1,0,
36,35,19,central,1,0,
37,36,20,central,1,0,
38,37,20,apoio,1,0,
39,38,20,apoio,1,0,
40,39,21,central,1,0,
41,40,21,apoio,1,0,
42,41,21,apoio,1,0,
43,42,21,apoio,1,0,
44,43,21,apoio,1,0,
45,44,21,apoio,1,0,
46,45,21,apoio,1,0,
47,46,22,central,1,0,
48,47,22,apoio,1,0,
49,48,22,apoio,1,0,
50,49,23,central,1,0,
51,50,23,apoio,1,0,
52,51,23,apoio,1,0,
53,52,23,apoio,1,0,
54,53,24,central,1,0,
55,54,24,apoio,1,0,
56,55,24,apoio,1,0,
57,56,24,apoio,1,0,
58,57,24,apoio,1,0,
59,58,25,central,1,0,
60,59,25,apoio,1,0,
61,60,26,central,1,0,
62,61,26,apoio,1,0,
63,62,26,apoio,1,0,
64,63,27,central,0,0,
65,64,27,apoio,0,0,
66,65,27,apoio,0,0,
67,66,28,central,0,0,
68,67,28,apoio,0,0,
69,68,29,central,1,0,
70,69,29,apoio,1,0,
71,70,30,central,0,0,
72,71,30,apoio,0,0,
73,72,31,central,1,0,
74,73,31,apoio,1,0,
75,74,31,apoio,1,0,
76,75,32,central,1,0,
77,76,32,apoio,1,0,
78,77,32,apoio,1,0,
79,78,32,apoio,1,0,
80,79,32,apoio,1,0,
81,80,33,central,0,0,
82,81,33,apoio,0,0,
83,82,33,apoio,0,0,
84,83,33,apoio,0,0,
85,84,33,apoio,0,0,
86,85,34,central,0,0,
87,86,34,apoio,0,0,
88,87,34,apoio,0,0,
89,88,34,apoio,0,0,
90,89,34,apoio,0,0,
91,90,35,central,0,0,
92,91,35,apoio,0,0,
93,92,35,apoio,0,0,
94,74,36,central,1,0,
95,93,36,apoio,1,0,
96,94,36,apoio,1,0,
97,95,36,apoio,1,0,
98,96,36,apoio,1,0,
99,97,37,central,1,0,
100,98,37,apoio,1,0,
101,99,38,central,0,0,
102,100,39,central,0,0,
103,101,39,apoio,0,0,
104,102,40,central,0,0,
105,103,41,central,0,0,
106,104,42,central,0,0,
107,105,42,apoio,0,0,
108,106,43,central,0,0,
109,107,43,apoio,0,0,
110,86,43,apoio,0,0,
111,108,44,central,0,0,
112,109,44,apoio,0,0,
113,110,44,apoio,0,0,
114,111,45,central,0,0,
115,112,45,apoio,0,0,
116,113,46,central,0,0,
117,114,47,central,0,0,
118,115,47,apoio,0,0,
119,116,48,central,0,0,
120,117,49,central,0,0,
121,118,50,central,0,0,
122,119,51,central,0,0,
123,120,51,apoio,0,0,
124,121,51,apoio,0,0,
125,122,52,central,0,0,
126,123,53,central,0,0,
127,124,53,apoio,0,0,
128,125,54,central,0,0,
129,126,54,apoio,0,0,
130,127,55,central,0,0,
131,128,55,apoio,0,0,
132,129,55,apoio,0,0,
133,130,56,central,0,0,
134,131,56,apoio,0,0,
135,132,57,central,0,0,
136,133,57,apoio,0,0,
137,134,58,central,1,0,
138,135,58,apoio,1,0,
139,136,58,apoio,1,0,
140,137,58,apoio,1,0,
141,138,59,central,0,0,
142,139,59,apoio,0,0,
143,140,59,apoio,0,0,
144,141,59,apoio,0,0,
145,142,59,apoio,0,0,
146,74,60,central,0,0,
147,143,60,apoio,0,0,
148,144,60,apoio,0,0,
149,145,60,apoio,0,0,
150,146,61,central,0,0,
151,147,61,apoio,0,0,
152,148,62,central,0,0,
153,149,62,apoio,0,0,
154,150,62,apoio,0,0,
155,151,62,apoio,0,0,
156,152,63,central,0,0,
157,153,63,apoio,0,0,
158,154,63,apoio,0,0,
159,155,63,apoio,0,0,
160,156,63,apoio,0,0,
161,157,63,apoio,0,0,
162,158,64,central,0,0,
163,159,64,apoio,0,0,
164,160,64,apoio,0,0,
165,161,65,central,0,0,
166,162,65,apoio,0,0,
167,163,65,apoio,0,0,
168,164,66,central,0,0,
169,165,66,apoio,0,0,
170,166,66,apoio,0,0,
171,167,67,central,0,0,
172,168,67,apoio,0,0,
173,169,67,apoio,0,1,
174,170,68,central,0,0,
175,171,68,apoio,0,0,
176,172,68,apoio,0,0,
177,173,69,central,0,0,
178,174,70,central,0,0,
179,175,70,apoio,0,0,
180,176,71,central,0,0,
181,177,71,apoio,0,0,
182,178,72,central,0,0,
183,179,73,central,0,0,
184,180,74,central,0,0,
185,181,74,apoio,0,0,
186,182,74,apoio,0,0,
187,183,75,central,0,0,
188,184,75,apoio,0,0,
189,185,76,central,0,0,
190,186,76,apoio,0,0,
191,187,76,apoio,0,0,
192,188,77,central,0,0,
193,189,77,apoio,0,0,
194,190,77,apoio,0,0,
195,191,77,apoio,0,0,
196,192,77,apoio,0,0,
197,193,78,central,0,0,
198,194,78,apoio,0,0,
199,195,79,central,0,0,
200,196,79,apoio,0,0,
201,197,79,apoio,0,0,
202,198,79,apoio,0,0,
203,199,80,central,0,0,
204,200,80,apoio,0,0,
205,201,80,apoio,0,0,
206,202,80,apoio,0,0,
207,203,81,central,0,0,
208,204,81,apoio,0,0,
209,205,81,apoio,0,0,
210,206,81,apoio,0,0,
211,207,82,central,0,0,
212,208,82,apoio,0,0,
213,209,82,apoio,0,0,
214,56,83,central,0,0,
215,210,84,central,0,0,
216,211,84,apoio,0,0,
217,212,85,central,0,0,
218,213,86,central,0,1,
219,214,87,central,0,0,
220,215,88,central,0,0,
221,216,88,apoio,0,0,
222,217,88,apoio,0,0,
223,218,89,central,0,0,
224,219,89,apoio,0,0,
225,220,89,apoio,0,0,
226,221,90,central,0,0,
227,222,90,apoio,0,1,
228,223,90,apoio,0,0,
229,224,90,apoio,0,0,
230,225,90,apoio,0,1,
231,226,90,apoio,0,0,
232,227,90,apoio,0,0,
233,228,91,central,0,0,
234,229,92,central,0,1,
235,230,92,apoio,0,0,
236,231,92,apoio,0,0,
237,232,93,central,0,0,
238,233,94,central,0,0,
239,234,94,apoio,0,0,
240,235,94,apoio,0,0,
241,236,95,central,0,0,
242,237,95,apoio,0,0,
243,238,95,apoio,0,1,
244,239,95,apoio,0,0,
245,240,95,apoio,0,1,
246,241,96,central,0,0,
247,242,96,apoio,0,1,
248,243,96,apoio,0,0,
249,244,96,apoio,0,1,
250,245,96,apoio,0,0,
251,246,97,central,0,0,
252,247,97,apoio,0,0,
253,248,97,apoio,0,0,
254,249,97,apoio,0,1,
255,250,97,apoio,0,0,
256,251,97,apoio,0,0,
257,252,97,apoio,0,1,
258,253,98,central,0,0,
259,254,98,apoio,0,0,
260,255,98,apoio,0,0,
261,256,98,apoio,0,0,
262,257,98,apoio,0,0,
263,258,98,apoio,0,0,
264,259,99,central,0,0,
265,260,99,apoio,0,0,
266,261,100,central,0,0,
267,262,100,apoio,0,0,
268,263,100,apoio,0,0,
269,264,100,apoio,0,0,
270,265,101,central,0,0,
271,266,101,apoio,0,0,
272,267,102,central,0,0,
273,268,102,apoio,0,0,
274,269,102,apoio,0,1,
275,237,103,central,0,0,
276,270,104,central,0,0,
277,271,104,apoio,0,0,
278,272,105,central,0,0,
279,273,105,apoio,0,0,
280,274,105,apoio,0,0,
281,275,105,apoio,0,0,
282,276,105,apoio,0,0,
283,277,106,central,0,0,
284,278,106,apoio,0,0,
285,279,111,central,0,0,Unica fonte do dia. Saida registrada para tema de habito sem tocar em Lally (queimada desde o #060).
