id,dia,camada,nome,metodo,fonte_id,entrada,resultado,ic_baixo,ic_alto,semente,grafico,auditoria
1,1,1,01-dimensoes,outro,,,,,,,dia-001-grafico-01-dimensoes.png,"carga inicial: método inferido do código, conferir"
2,1,2,02-distribuicao,outro,,,,,,,dia-001-grafico-02-distribuicao.png,"carga inicial: método inferido do código, conferir"
3,1,3,03-validacao,outro,,,,,,,dia-001-grafico-03-validacao.png,"carga inicial: método inferido do código, conferir"
4,2,1,dia-002-grafico,outro,,,,,,,dia-002-grafico.png,"carga inicial: método inferido do código, conferir"
5,2,2,01-agir-vs-nao-agir,outro,,,,,,,dia-002-grafico-01-agir-vs-nao-agir.png,"carga inicial: método inferido do código, conferir"
6,2,3,02-tipo-decisao,outro,,,,,,,dia-002-grafico-02-tipo-decisao.png,"carga inicial: método inferido do código, conferir"
7,2,4,03-areas,outro,,,,,,,dia-002-grafico-03-areas.png,"carga inicial: método inferido do código, conferir"
8,2,5,04-bayesiano,outro,,,,,,,dia-002-grafico-04-bayesiano.png,"carga inicial: método inferido do código, conferir"
9,2,6,bayesiano,outro,,,,,,,dia-002-grafico-bayesiano.png,"carga inicial: método inferido do código, conferir"
10,3,1,01-segregacao,outro,,,,,,,dia-005-grafico-01-segregacao.png,"carga inicial: método inferido do código, conferir"
11,3,2,02-impacto,outro,,,,,,,dia-005-grafico-02-impacto.png,"carga inicial: método inferido do código, conferir"
12,3,3,03-preditor,outro,,,,,,,dia-005-grafico-03-preditor.png,"carga inicial: método inferido do código, conferir"
13,3,4,04-bayesiano,outro,,,,,,,dia-005-grafico-04-bayesiano.png,"carga inicial: método inferido do código, conferir"
14,4,1,01-paradoxo,outro,,,,,,,dia-004-grafico-01-paradoxo.png,"carga inicial: método inferido do código, conferir"
15,4,2,02-resultado,outro,,,,,,,dia-004-grafico-02-resultado.png,"carga inicial: método inferido do código, conferir"
16,4,3,03-bayesiano,beta_jeffreys,,,,,,,dia-004-grafico-03-bayesiano.png,"carga inicial: método inferido do código, conferir"
17,5,1,01-curva,outro,,,,,,,dia-005-grafico-01-curva.png,"carga inicial: método inferido do código, conferir"
18,5,2,02-faixas,outro,,,,,,,dia-005-grafico-02-faixas.png,"carga inicial: método inferido do código, conferir"
19,5,3,03-bayesiano,beta_jeffreys,,,,,,,dia-005-grafico-03-bayesiano.png,"carga inicial: método inferido do código, conferir"
20,6,1,01-comparacao,outro,,,,,,,dia-006-grafico-01-comparacao.png,"carga inicial: método inferido do código, conferir"
21,6,2,02-dominios,outro,,,,,,,dia-006-grafico-02-dominios.png,"carga inicial: método inferido do código, conferir"
22,6,3,03-fisher,outro,,,,,,,dia-006-grafico-03-fisher.png,"carga inicial: método inferido do código, conferir"
23,7,1,01-atividades,beta_jeffreys,,,,,,,dia-007-grafico-01-atividades.png,"carga inicial: método inferido do código, conferir"
24,7,2,02-felicidade,outro,,,,,,,dia-007-grafico-02-felicidade.png,"carga inicial: método inferido do código, conferir"
25,7,3,03-bayesiano,outro,,,,,,,dia-007-grafico-03-bayesiano.png,"carga inicial: método inferido do código, conferir"
26,8,1,01-transmissao,outro,,,,,,,dia-008-grafico-01-transmissao.png,"carga inicial: método inferido do código, conferir"
27,8,2,02-tracos,outro,,,,,,,dia-008-grafico-02-tracos.png,"carga inicial: método inferido do código, conferir"
28,8,3,03-bayesiano,outro,,,,,,,dia-008-grafico-03-bayesiano.png,"carga inicial: método inferido do código, conferir"
29,9,1,01-curva,tost,,,,,,,dia-009-grafico-01-curva.png,"carga inicial: método inferido do código, conferir"
30,9,2,02-desperdicio,outro,,,,,,,dia-009-grafico-02-desperdicio.png,"carga inicial: método inferido do código, conferir"
31,9,3,03-bayesiano,outro,,,,,,,dia-009-grafico-03-bayesiano.png,"carga inicial: método inferido do código, conferir"
32,10,1,01-dominios,beta_jeffreys,,,,,,,dia-010-grafico-01-dominios.png,"carga inicial: método inferido do código, conferir"
33,10,2,02-heterogeneidade,monte_carlo,,,,,,,dia-010-grafico-02-heterogeneidade.png,"carga inicial: método inferido do código, conferir"
34,10,3,03-bayesiano,monte_carlo,,,,,,,dia-010-grafico-03-bayesiano.png,"carga inicial: método inferido do código, conferir"
35,11,1,01-prevalencia,outro,,,,,,,dia-011-grafico-01-prevalencia.png,"carga inicial: método inferido do código, conferir"
36,11,2,02-duracao,outro,,,,,,,dia-011-grafico-02-duracao.png,"carga inicial: método inferido do código, conferir"
37,11,3,03-bayesiano,outro,,,,,,,dia-011-grafico-03-bayesiano.png,"carga inicial: método inferido do código, conferir"
38,11,4,04-media-ponderada,outro,,,,,,,dia-011-grafico-04-media-ponderada.png,"carga inicial: método inferido do código, conferir"
39,12,1,01-engajamento,beta_jeffreys,,,,,,,dia-012-grafico-01-engajamento.png,"carga inicial: método inferido do código, conferir"
40,12,2,02-gap,outro,,,,,,,dia-012-grafico-02-gap.png,"carga inicial: método inferido do código, conferir"
41,12,3,03-bayesiano,outro,,,,,,,dia-012-grafico-03-bayesiano.png,"carga inicial: método inferido do código, conferir"
42,13,1,01-condicoes,beta_jeffreys,,,,,,,dia-013-grafico-01-condicoes.png,"carga inicial: método inferido do código, conferir"
43,13,2,02-vantagem,outro,,,,,,,dia-013-grafico-02-vantagem.png,"carga inicial: método inferido do código, conferir"
44,13,3,03-bayesiano,outro,,,,,,,dia-013-grafico-03-bayesiano.png,"carga inicial: método inferido do código, conferir"
45,14,1,01-dimensoes,outro,,,,,,,dia-014-grafico-01-dimensoes.png,"carga inicial: método inferido do código, conferir"
46,14,2,02-replicacao,outro,,,,,,,dia-014-grafico-02-replicacao.png,"carga inicial: método inferido do código, conferir"
47,14,3,03-sintese,outro,,,,,,,dia-014-grafico-03-sintese.png,"carga inicial: método inferido do código, conferir"
48,15,1,01-graus-separacao,outro,,,,,,,dia-015-grafico-01-graus-separacao.png,"carga inicial: método inferido do código, conferir"
49,15,2,02-tipo-relacao,outro,,,,,,,dia-015-grafico-02-tipo-relacao.png,"carga inicial: método inferido do código, conferir"
50,15,3,03-bayesiano,outro,,,,,,,dia-015-grafico-03-bayesiano.png,"carga inicial: método inferido do código, conferir"
51,16,1,01-voluntaria-forcada,outro,,,,,,,dia-016-grafico-01-voluntaria-forcada.png,"carga inicial: método inferido do código, conferir"
52,16,2,02-diferenca,outro,,,,,,,dia-016-grafico-02-diferenca.png,"carga inicial: método inferido do código, conferir"
53,16,3,03-empregabilidade,outro,,,,,,,dia-016-grafico-03-empregabilidade.png,"carga inicial: método inferido do código, conferir"
54,17,1,01-curva-abandono,beta_jeffreys,,,,,,,dia-017-grafico-01-curva-abandono.png,"carga inicial: método inferido do código, conferir"
55,17,2,02-proporcao,beta_jeffreys,,,,,,,dia-017-grafico-02-proporcao.png,"carga inicial: método inferido do código, conferir"
56,17,3,03-bayesiano,outro,,,,,,,dia-017-grafico-03-bayesiano.png,"carga inicial: método inferido do código, conferir"
57,18,1,01-reducao-risco,outro,,,,,,,dia-018-grafico-01-reducao-risco.png,"carga inicial: método inferido do código, conferir"
58,18,2,02-comparacao-fatores,outro,,,,,,,dia-018-grafico-02-comparacao-fatores.png,"carga inicial: método inferido do código, conferir"
59,18,3,03-bayesiano,outro,,,,,,,dia-018-grafico-03-bayesiano.png,"carga inicial: método inferido do código, conferir"
60,19,1,01-instrumental,outro,,,,,,,dia-019-grafico-01-instrumental.png,"carga inicial: método inferido do código, conferir"
61,19,2,02-motivos,outro,,,,,,,dia-019-grafico-02-motivos.png,"carga inicial: método inferido do código, conferir"
62,19,3,03-proporcao,outro,,,,,,,dia-019-grafico-03-proporcao.png,"carga inicial: método inferido do código, conferir"
63,20,1,01-tempo-tarefa,outro,,,,,,,dia-020-grafico-01-tempo-tarefa.png,"carga inicial: método inferido do código, conferir"
64,20,2,02-carga-psicologica,outro,,,,,,,dia-020-grafico-02-carga-psicologica.png,"carga inicial: método inferido do código, conferir"
65,20,3,03-estimativa-meyer,outro,,,,,,,dia-020-grafico-03-estimativa-meyer.png,"carga inicial: método inferido do código, conferir"
66,21,1,01-atracao-vs-conversao,beta_jeffreys,,,,,,,dia-021-grafico-01-atracao-vs-conversao.png,"carga inicial: método inferido do código, conferir"
67,21,2,02-ic-conversao,beta_jeffreys,,,,,,,dia-021-grafico-02-ic-conversao.png,"carga inicial: método inferido do código, conferir"
68,21,3,03-metaanalise,beta_jeffreys,,,,,,,dia-021-grafico-03-metaanalise.png,"carga inicial: método inferido do código, conferir"
69,22,1,01-ativacao-cerebral,outro,,,,,,,dia-022-grafico-01-ativacao-cerebral.png,"carga inicial: método inferido do código, conferir"
70,22,2,02-alocacao-aposentadoria,outro,,,,,,,dia-022-grafico-02-alocacao-aposentadoria.png,"carga inicial: método inferido do código, conferir"
71,22,3,03-correlacao,outro,,,,,,,dia-022-grafico-03-correlacao.png,"carga inicial: método inferido do código, conferir"
72,23,1,01-ocupacao-vs-tarefa,outro,,,,,,,dia-023-grafico-01-ocupacao-vs-tarefa.png,"carga inicial: método inferido do código, conferir"
73,23,2,02-exposto-vs-substituivel,poder,,,,,,,dia-023-grafico-02-exposto-vs-substituivel.png,"carga inicial: método inferido do código, conferir"
74,23,3,03-linha-do-tempo,poder,,,,,,,dia-023-grafico-03-linha-do-tempo.png,"carga inicial: método inferido do código, conferir"
75,24,1,01-camadas-dunbar,beta_jeffreys,,,,,,,dia-024-grafico-01-camadas-dunbar.png,"carga inicial: método inferido do código, conferir"
76,24,2,02-qualidade-vs-quantidade,outro,,,,,,,dia-024-grafico-02-qualidade-vs-quantidade.png,"carga inicial: método inferido do código, conferir"
77,24,3,03-bayesiano,beta_jeffreys,,,,,,,dia-024-grafico-03-bayesiano.png,"carga inicial: método inferido do código, conferir"
78,25,1,01-gap-adocao,poder,,,,,,,dia-025-grafico-01-gap-adocao.png,"carga inicial: método inferido do código, conferir"
79,25,2,02-experimento,poder,,,,,,,dia-025-grafico-02-experimento.png,"carga inicial: método inferido do código, conferir"
80,25,3,03-paradoxo,outro,,,,,,,dia-025-grafico-03-paradoxo.png,"carga inicial: método inferido do código, conferir"
81,26,1,01-distincao,posterior,,,,,,,dia-026-grafico-01-distincao.png,"carga inicial: método inferido do código, conferir"
82,26,2,02-correcao,posterior,,,,,,,dia-026-grafico-02-correcao.png,"carga inicial: método inferido do código, conferir"
83,26,3,03-esquecimento,equacao,,,,,,,dia-026-grafico-03-esquecimento.png,"carga inicial: método inferido do código, conferir"
84,27,1,01-tesoura,outro,,,,,,,dia-027-grafico-01-tesoura.png,"carga inicial: método inferido do código, conferir"
85,27,2,02-assimetria,outro,,,,,,,dia-027-grafico-02-assimetria.png,"carga inicial: método inferido do código, conferir"
86,27,3,03-bayesiano,beta_jeffreys,,,,,,,dia-027-grafico-03-bayesiano.png,"carga inicial: método inferido do código, conferir"
87,28,1,01-frequencia,outro,,,,,,,dia-028-grafico-01-frequencia.png,"carga inicial: método inferido do código, conferir"
88,28,2,02-dose,outro,,,,,,,dia-028-grafico-02-dose.png,"carga inicial: método inferido do código, conferir"
89,28,3,03-colaterais,outro,,,,,,,dia-028-grafico-03-colaterais.png,"carga inicial: método inferido do código, conferir"
90,29,1,01-durabilidade,outro,,,,,,,dia-029-grafico-01-durabilidade.png,"carga inicial: método inferido do código, conferir"
91,29,2,02-regiao-beta,equacao,,,,,,,dia-029-grafico-02-regiao-beta.png,"carga inicial: método inferido do código, conferir"
92,29,3,03-recuperacao,equacao,,,,,,,dia-029-grafico-03-recuperacao.png,"carga inicial: método inferido do código, conferir"
93,30,1,01-desfecho,outro,,,,,,,dia-030-grafico-01-desfecho.png,"carga inicial: método inferido do código, conferir"
94,30,2,02-denominador,outro,,,,,,,dia-030-grafico-02-denominador.png,"carga inicial: método inferido do código, conferir"
95,30,3,03-bayesiano,beta_jeffreys,,,,,,,dia-030-grafico-03-bayesiano.png,"carga inicial: método inferido do código, conferir"
96,31,1,01-curva-abandono,outro,,,,,,,dia-031-grafico-01-curva-abandono.png,"carga inicial: método inferido do código, conferir"
97,31,2,02-vale-duvida,outro,,,,,,,dia-031-grafico-02-vale-duvida.png,"carga inicial: método inferido do código, conferir"
98,31,3,03-aproximacao,outro,,,,,,,dia-031-grafico-03-aproximacao.png,"carga inicial: método inferido do código, conferir"
99,32,1,01-mortalidade,outro,,,,,,,dia-032-grafico-01-mortalidade.png,"carga inicial: método inferido do código, conferir"
100,32,2,02-dose-resposta,outro,,,,,,,dia-032-grafico-02-dose-resposta.png,"carga inicial: método inferido do código, conferir"
101,32,3,03-sobrevida,equacao,,,,,,,dia-032-grafico-03-sobrevida.png,"carga inicial: método inferido do código, conferir"
102,33,1,01-biomarcadores,outro,,,,,,,dia-033-grafico-01-biomarcadores.png,"carga inicial: método inferido do código, conferir"
103,33,2,02-nao-desliga,equacao,,,,,,,dia-033-grafico-02-nao-desliga.png,"carga inicial: método inferido do código, conferir"
104,33,3,03-acumulo,outro,,,,,,,dia-033-grafico-03-acumulo.png,"carga inicial: método inferido do código, conferir"
105,34,1,01-curva-u,outro,,,,,,,dia-034-grafico-01-curva-u.png,"carga inicial: método inferido do código, conferir"
106,34,2,02-por-tipo,outro,,,,,,,dia-034-grafico-02-por-tipo.png,"carga inicial: método inferido do código, conferir"
107,34,3,03-depressao,outro,,,,,,,dia-034-grafico-03-depressao.png,"carga inicial: método inferido do código, conferir"
108,35,1,01-anatomia-lembranca,monte_carlo,,,,,,,dia-035-grafico-01-anatomia-lembranca.png,"carga inicial: método inferido do código, conferir"
109,35,2,02-assinatura-estatistica,outro,,,,,,,dia-035-grafico-02-assinatura-estatistica.png,"carga inicial: método inferido do código, conferir"
110,35,3,03-paradoxo-cold-pressor,outro,,,,,,,dia-035-grafico-03-paradoxo-cold-pressor.png,"carga inicial: método inferido do código, conferir"
111,36,1,01-curva-assintotica,equacao,,,,,,,dia-036-grafico-01-curva-assintotica.png,"carga inicial: método inferido do código, conferir"
112,36,2,02-assinatura-estatistica,equacao,,,,,,,dia-036-grafico-02-assinatura-estatistica.png,"carga inicial: método inferido do código, conferir"
113,36,3,03-progresso-21-dias,equacao,,,,,,,dia-036-grafico-03-progresso-21-dias.png,"carga inicial: método inferido do código, conferir"
114,37,1,01-reatividade-amigdala,outro,,,,,,,dia-026-grafico-01-reatividade-amigdala.png,"carga inicial: método inferido do código, conferir"
115,37,2,02-mecanismo,outro,,,,,,,dia-026-grafico-02-mecanismo.png,"carga inicial: método inferido do código, conferir"
116,37,3,03-efeito,outro,,,,,,,dia-026-grafico-03-efeito.png,"carga inicial: método inferido do código, conferir"
117,38,1,01-holofote,outro,,,,,,,dia-038-grafico-01-holofote.png,"carga inicial: método inferido do código, conferir"
118,38,2,02-binomial,outro,,,,,,,dia-038-grafico-02-binomial.png,"carga inicial: método inferido do código, conferir"
119,38,3,03-bayesiano,outro,,,,,,,dia-038-grafico-03-bayesiano.png,"carga inicial: método inferido do código, conferir"
120,39,1,01-placar,outro,,,,,,,dia-039-grafico-01-placar.png,"carga inicial: método inferido do código, conferir"
121,39,2,02-efeitos,tost,,,,,,,dia-039-grafico-02-efeitos.png,"carga inicial: método inferido do código, conferir"
122,39,3,03-bayesiano,tost,,,,,,,dia-039-grafico-03-bayesiano.png,"carga inicial: método inferido do código, conferir"
123,40,1,01-paradoxo,traducao,,,,,,,dia-040-grafico-01-paradoxo.png,"carga inicial: método inferido do código, conferir"
124,40,2,02-assinatura,outro,,,,,,,dia-040-grafico-02-assinatura.png,"carga inicial: método inferido do código, conferir"
125,40,3,03-superioridade,outro,,,,,,,dia-040-grafico-03-superioridade.png,"carga inicial: método inferido do código, conferir"
126,41,1,01-memoria-previsao,outro,,,,,,,dia-041-grafico-01-memoria-previsao.png,"carga inicial: método inferido do código, conferir"
127,41,2,02-assinatura,outro,,,,,,,dia-041-grafico-02-assinatura.png,"carga inicial: método inferido do código, conferir"
128,41,3,03-custo,outro,,,,,,,dia-041-grafico-03-custo.png,"carga inicial: método inferido do código, conferir"
129,42,1,01-funcoes,traducao,,,,,,,dia-042-grafico-01-funcoes.png,"carga inicial: método inferido do código, conferir"
130,42,2,02-assinatura,outro,,,,,,,dia-042-grafico-02-assinatura.png,"carga inicial: método inferido do código, conferir"
131,42,3,03-redencao,outro,,,,,,,dia-042-grafico-03-redencao.png,"carga inicial: método inferido do código, conferir"
132,43,1,01-erro-estimativa,outro,,,,,,,dia-043-grafico-01-erro-estimativa.png,"carga inicial: método inferido do código, conferir"
133,43,2,02-curva-destreinamento,outro,,,,,,,dia-043-grafico-02-curva-destreinamento.png,"carga inicial: método inferido do código, conferir"
134,43,3,03-humor-previsto,outro,,,,,,,dia-043-grafico-03-humor-previsto.png,"carga inicial: método inferido do código, conferir"
135,44,1,01-nao-e-preguica,monte_carlo,,,,,,,dia-044-grafico-01-nao-e-preguica.png,"carga inicial: método inferido do código, conferir"
136,44,2,02-assinatura,outro,,,,,,,dia-044-grafico-02-assinatura.png,"carga inicial: método inferido do código, conferir"
137,44,3,03-perdao,outro,,,,,,,dia-044-grafico-03-perdao.png,"carga inicial: método inferido do código, conferir"
138,45,1,01-tres-grupos,poder,,,,,,,dia-045-grafico-01-tres-grupos.png,"carga inicial: método inferido do código, conferir"
139,45,2,02-assinatura,outro,,,,,,,dia-045-grafico-02-assinatura.png,"carga inicial: método inferido do código, conferir"
140,45,3,03-anatomia,outro,,,,,,,dia-045-grafico-03-anatomia.png,"carga inicial: método inferido do código, conferir"
141,46,1,01-assimetria,monte_carlo,,,,,,,dia-046-grafico-01-assimetria.png,"carga inicial: método inferido do código, conferir"
142,46,2,02-assinatura,equacao,,,,,,,dia-046-grafico-02-assinatura.png,"carga inicial: método inferido do código, conferir"
143,46,3,03-distancia,outro,,,,,,,dia-046-grafico-03-distancia.png,"carga inicial: método inferido do código, conferir"
144,47,1,01-assinatura,outro,,,,,,,dia-047-grafico-01-assinatura.png,"carga inicial: método inferido do código, conferir"
145,47,2,02-fracao,outro,,,,,,,dia-047-grafico-02-fracao.png,"carga inicial: método inferido do código, conferir"
146,47,3,03-novidade,outro,,,,,,,dia-047-grafico-03-novidade.png,"carga inicial: método inferido do código, conferir"
147,48,1,01-quatro,outro,,,,,,,dia-048-grafico-01-quatro.png,"carga inicial: método inferido do código, conferir"
148,48,2,02-interacao,outro,,,,,,,dia-048-grafico-02-interacao.png,"carga inicial: método inferido do código, conferir"
149,48,3,03-ponte,outro,,,,,,,dia-048-grafico-03-ponte.png,"carga inicial: método inferido do código, conferir"
150,49,1,01-tamanho,outro,,,,,,,dia-049-grafico-01-tamanho.png,"carga inicial: método inferido do código, conferir"
151,49,2,02-assinatura,outro,,,,,,,dia-049-grafico-02-assinatura.png,"carga inicial: método inferido do código, conferir"
152,49,3,03-cascata,outro,,,,,,,dia-049-grafico-03-cascata.png,"carga inicial: método inferido do código, conferir"
153,50,1,01-segunda,poder,,,,,,,dia-045-grafico-01-segunda.png,"carga inicial: método inferido do código, conferir"
154,50,2,02-cardapio,poder,,,,,,,dia-045-grafico-02-cardapio.png,"carga inicial: método inferido do código, conferir"
155,50,3,03-nao-espere-janeiro,outro,,,,,,,dia-045-grafico-03-nao-espere-janeiro.png,"carga inicial: método inferido do código, conferir"
156,51,1,01-incerteza,outro,,,,,,,dia-051-grafico-01-incerteza.png,"carga inicial: método inferido do código, conferir"
157,51,2,02-antidoto,outro,,,,,,,dia-051-grafico-02-antidoto.png,"carga inicial: método inferido do código, conferir"
158,51,3,03-ponte,outro,,,,,,,dia-051-grafico-03-ponte.png,"carga inicial: método inferido do código, conferir"
159,52,1,01-comparecimento,outro,,,,,,,dia-052-grafico-01-comparecimento.png,"carga inicial: método inferido do código, conferir"
160,52,2,02-assinatura,outro,,,,,,,dia-052-grafico-02-assinatura.png,"carga inicial: método inferido do código, conferir"
161,52,3,03-armadilha,outro,,,,,,,dia-052-grafico-03-armadilha.png,"carga inicial: método inferido do código, conferir"
162,53,1,01-distribuicoes,monte_carlo,,,,,,,dia-053-grafico-01-distribuicoes.png,"carga inicial: método inferido do código, conferir"
163,53,2,02-vencedor-mediano,outro,,,,,,,dia-053-grafico-02-vencedor-mediano.png,"carga inicial: método inferido do código, conferir"
164,53,3,03-assinatura,equacao,,,,,,,dia-053-grafico-03-assinatura.png,"carga inicial: método inferido do código, conferir"
165,53,4,04-alavanca,equacao,,,,,,,dia-053-grafico-04-alavanca.png,"carga inicial: método inferido do código, conferir"
166,54,1,01-alcance,equacao,,,,,,,dia-054-grafico-01-alcance.png,"carga inicial: método inferido do código, conferir"
167,54,2,02-oportunidade,outro,,,,,,,dia-054-grafico-02-oportunidade.png,"carga inicial: método inferido do código, conferir"
168,54,3,03-invisivel,outro,,,,,,,dia-054-grafico-03-invisivel.png,"carga inicial: método inferido do código, conferir"
169,55,1,01-corte,outro,,,,,,,dia-055-grafico-01-corte.png,"carga inicial: método inferido do código, conferir"
170,55,2,02-correcao,outro,,,,,,,dia-055-grafico-02-correcao.png,"carga inicial: método inferido do código, conferir"
171,55,3,03-veredito,outro,,,,,,,dia-055-grafico-03-veredito.png,"carga inicial: método inferido do código, conferir"
172,56,1,01-duas-vidas,outro,,,,,,,dia-056-grafico-01-duas-vidas.png,"carga inicial: método inferido do código, conferir"
173,56,2,02-divergencia,outro,,,,,,,dia-056-grafico-02-divergencia.png,"carga inicial: método inferido do código, conferir"
174,56,3,03-borboleta,outro,,,,,,,dia-056-grafico-03-borboleta.png,"carga inicial: método inferido do código, conferir"
175,57,1,01-consenso,beta_jeffreys,,,,,,,dia-057-grafico-01-consenso.png,"carga inicial: método inferido do código, conferir"
176,57,2,02-beta,outro,,,,,,,dia-057-grafico-02-beta.png,"carga inicial: método inferido do código, conferir"
177,57,3,03-efeito,outro,,,,,,,dia-057-grafico-03-efeito.png,"carga inicial: método inferido do código, conferir"
178,58,1,01-mito,outro,,,,,,,dia-058-grafico-01-mito.png,"carga inicial: método inferido do código, conferir"
179,58,2,02-corpo,outro,,,,,,,dia-058-grafico-02-corpo.png,"carga inicial: método inferido do código, conferir"
180,58,3,03-bayesiano,beta_jeffreys,,,,,,,dia-058-grafico-03-bayesiano.png,"carga inicial: método inferido do código, conferir"
181,59,1,01-probabilidade,monte_carlo,,,,,,,dia-059-grafico-01-probabilidade.png,"carga inicial: método inferido do código, conferir"
182,59,2,02-ilusao,outro,,,,,,,dia-059-grafico-02-ilusao.png,"carga inicial: método inferido do código, conferir"
183,59,3,03-fisher,outro,,,,,,,dia-059-grafico-03-fisher.png,"carga inicial: método inferido do código, conferir"
184,59,4,04-robustez,outro,,,,,,,dia-059-grafico-04-robustez.png,"carga inicial: método inferido do código, conferir"
185,60,1,01-curva-automaticidade,outro,,,,,,,dia-060-grafico-01-curva-automaticidade.png,"carga inicial: método inferido do código, conferir"
186,60,2,02-raridade,outro,,,,,,,dia-060-grafico-02-raridade.png,"carga inicial: método inferido do código, conferir"
187,60,3,03-habito-identidade,outro,,,,,,,dia-060-grafico-03-habito-identidade.png,"carga inicial: método inferido do código, conferir"
188,61,1,01-escolha,traducao,,,,,,,dia-061-grafico-01-escolha.png,"carga inicial: método inferido do código, conferir"
189,61,2,02-forca-efeito,outro,,,,,,,dia-061-grafico-02-forca-efeito.png,"carga inicial: método inferido do código, conferir"
190,61,3,03-distribuicao-d,outro,,,,,,,dia-061-grafico-03-distribuicao-d.png,"carga inicial: método inferido do código, conferir"
191,62,1,01-taxas,outro,,,,,,,dia-062-grafico-01-taxas.png,"carga inicial: método inferido do código, conferir"
192,62,2,02-falsificacao,outro,,,,,,,dia-062-grafico-02-falsificacao.png,"carga inicial: método inferido do código, conferir"
193,62,3,03-assinatura,posterior,,,,,,,dia-062-grafico-03-assinatura.png,"carga inicial: método inferido do código, conferir"
194,63,1,01-previsao-vs-realidade,outro,,,,,,,dia-063-grafico-01-previsao-vs-realidade.png,"carga inicial: método inferido do código, conferir"
195,63,2,02-assimetria,outro,,,,,,,dia-063-grafico-02-assimetria.png,"carga inicial: método inferido do código, conferir"
196,63,3,03-bayesiano,outro,,,,,,,dia-063-grafico-03-bayesiano.png,"carga inicial: método inferido do código, conferir"
197,64,1,01-atenuacao,outro,,,,,,,dia-064-grafico-01-atenuacao.png,"carga inicial: método inferido do código, conferir"
198,64,2,02-coorte-vs-meta,outro,,,,,,,dia-064-grafico-02-coorte-vs-meta.png,"carga inicial: método inferido do código, conferir"
199,64,3,03-assinatura,outro,,,,,,,dia-064-grafico-03-assinatura.png,"carga inicial: método inferido do código, conferir"
200,65,1,01-o-que-aconteceu,outro,,,,,,,dia-065-grafico-01-o-que-aconteceu.png,"carga inicial: método inferido do código, conferir"
201,65,2,02-moderadores,outro,,,,,,,dia-065-grafico-02-moderadores.png,"carga inicial: método inferido do código, conferir"
202,65,3,03-bayesiano,outro,,,,,,,dia-065-grafico-03-bayesiano.png,"carga inicial: método inferido do código, conferir"
203,66,1,01-paradoxo,outro,,,,,,,dia-066-grafico-01-paradoxo.png,"carga inicial: método inferido do código, conferir"
204,66,2,02-mecanismo,outro,,,,,,,dia-066-grafico-02-mecanismo.png,"carga inicial: método inferido do código, conferir"
205,66,3,03-assinatura,outro,,,,,,,dia-066-grafico-03-assinatura.png,"carga inicial: método inferido do código, conferir"
206,67,1,01-hora-a-hora,outro,,,,,,,dia-067-grafico-01-hora-a-hora.png,"carga inicial: método inferido do código, conferir"
207,67,2,02-traducao,outro,,,,,,,dia-067-grafico-02-traducao.png,"carga inicial: método inferido do código, conferir"
208,67,3,03-outro-desfecho,outro,,,,,,,dia-067-grafico-03-outro-desfecho.png,"carga inicial: método inferido do código, conferir"
209,68,1,01-previsao,outro,,,,,,,dia-068-grafico-01-previsao.png,"carga inicial: método inferido do código, conferir"
210,68,2,02-poder,poder,,,,,,,dia-068-grafico-02-poder.png,"carga inicial: método inferido do código, conferir"
211,68,3,03-frequencia,poder,,,,,,,dia-068-grafico-03-frequencia.png,"carga inicial: método inferido do código, conferir"
212,69,1,01-mesma-nota,outro,,,,,,,dia-069-grafico-01-mesma-nota.png,"carga inicial: método inferido do código, conferir"
213,69,2,02-preco,outro,,,,,,,dia-069-grafico-02-preco.png,"carga inicial: método inferido do código, conferir"
214,69,3,03-especificacoes,outro,,,,,,,dia-069-grafico-03-especificacoes.png,"carga inicial: método inferido do código, conferir"
215,70,1,01-fenda,outro,,,,,,,dia-070-grafico-01-fenda.png,"carga inicial: método inferido do código, conferir"
216,70,2,02-predicao,outro,,,,,,,dia-070-grafico-02-predicao.png,"carga inicial: método inferido do código, conferir"
217,70,3,03-traducao,outro,,,,,,,dia-070-grafico-03-traducao.png,"carga inicial: método inferido do código, conferir"
218,71,1,01-onde-apareceu,poder,,,,,,,dia-071-grafico-01-onde-apareceu.png,"carga inicial: método inferido do código, conferir"
219,71,2,02-poder,poder,,,,,,,dia-071-grafico-02-poder.png,"carga inicial: método inferido do código, conferir"
220,71,3,03-amostras,poder,,,,,,,dia-071-grafico-03-amostras.png,"carga inicial: método inferido do código, conferir"
221,72,1,01-faixa,outro,,,,,,,dia-072-grafico-01-faixa.png,"carga inicial: método inferido do código, conferir"
222,72,2,02-cortes,outro,,,,,,,dia-072-grafico-02-cortes.png,"carga inicial: método inferido do código, conferir"
223,72,3,03-definicoes,outro,,,,,,,dia-072-grafico-03-definicoes.png,"carga inicial: método inferido do código, conferir"
224,73,1,01-curva-u,outro,,,,,,,dia-073-grafico-01-curva-u.png,"carga inicial: método inferido do código, conferir"
225,73,2,02-razoes,outro,,,,,,,dia-073-grafico-02-razoes.png,"carga inicial: método inferido do código, conferir"
226,73,3,03-escala-humana,outro,,,,,,,dia-073-grafico-03-escala-humana.png,"carga inicial: método inferido do código, conferir"
227,74,1,01-porta-ou-rampa,equacao,,,,,,,dia-074-grafico-01-porta-ou-rampa.png,"carga inicial: método inferido do código, conferir"
228,74,2,02-aritmetica,outro,,,,,,,dia-074-grafico-02-aritmetica.png,"carga inicial: método inferido do código, conferir"
229,74,3,03-tres-variaveis,outro,,,,,,,dia-074-grafico-03-tres-variaveis.png,"carga inicial: método inferido do código, conferir"
230,75,1,01-o-que-mudou,outro,,,,,,,dia-075-grafico-01-o-que-mudou.png,"carga inicial: método inferido do código, conferir"
231,75,2,02-receptor,outro,,,,,,,dia-075-grafico-02-receptor.png,"carga inicial: método inferido do código, conferir"
232,75,3,03-dois-grupos,outro,,,,,,,dia-075-grafico-03-dois-grupos.png,"carga inicial: método inferido do código, conferir"
233,76,1,01-relogio,outro,,,,,,,dia-076-grafico-01-relogio.png,"carga inicial: método inferido do código, conferir"
234,76,2,02-significancia,outro,,,,,,,dia-076-grafico-02-significancia.png,"carga inicial: método inferido do código, conferir"
235,76,3,03-dose,outro,,,,,,,dia-076-grafico-03-dose.png,"carga inicial: método inferido do código, conferir"
236,77,1,01-taxa-e-contagem,outro,,,,,,,dia-077-grafico-01-taxa-e-contagem.png,"carga inicial: método inferido do código, conferir"
237,77,2,02-composicao,outro,,,,,,,dia-077-grafico-02-composicao.png,"carga inicial: método inferido do código, conferir"
238,77,3,03-acumulado,outro,,,,,,,dia-077-grafico-03-acumulado.png,"carga inicial: método inferido do código, conferir"
239,78,1,01-quatro-respostas,outro,,,,,,,dia-078-grafico-01-quatro-respostas.png,"carga inicial: método inferido do código, conferir"
240,78,2,02-desenho,outro,,,,,,,dia-078-grafico-02-desenho.png,"carga inicial: método inferido do código, conferir"
241,78,3,03-poder,poder,,,,,,,dia-078-grafico-03-poder.png,"carga inicial: método inferido do código, conferir"
242,79,1,01-agregacao,outro,,,,,,,dia-079-grafico-01-agregacao.png,"carga inicial: método inferido do código, conferir"
243,79,2,02-distribuicao,outro,,,,,,,dia-079-grafico-02-distribuicao.png,"carga inicial: método inferido do código, conferir"
244,79,3,03-tres-tempos,outro,,,,,,,dia-079-grafico-03-tres-tempos.png,"carga inicial: método inferido do código, conferir"
245,80,1,01-numeros-1978,tost,,,,,,,dia-080-grafico-01-numeros-1978.png,"carga inicial: método inferido do código, conferir"
246,80,2,02-poder,poder,,,,,,,dia-080-grafico-02-poder.png,"carga inicial: método inferido do código, conferir"
247,80,3,03-desenhos,poder,,,,,,,dia-080-grafico-03-desenhos.png,"carga inicial: método inferido do código, conferir"
248,81,1,01-inversao,tost,,,,,,,dia-081-grafico-01-inversao.png,"carga inicial: método inferido do código, conferir"
249,81,2,02-laboratorios,outro,,,,,,,dia-081-grafico-02-laboratorios.png,"carga inicial: método inferido do código, conferir"
250,81,3,03-tamanho,tost,,,,,,,dia-081-grafico-03-tamanho.png,"carga inicial: método inferido do código, conferir"
251,82,1,01-desfechos,poder,,,,,,,dia-082-grafico-01-desfechos.png,"carga inicial: método inferido do código, conferir"
252,82,2,02-cem-duplas,outro,,,,,,,dia-082-grafico-02-cem-duplas.png,"carga inicial: método inferido do código, conferir"
253,82,3,03-poder,poder,,,,,,,dia-082-grafico-03-poder.png,"carga inicial: método inferido do código, conferir"
254,83,1,dia083_g1_trajetorias,outro,,,,,,,dia083_g1_trajetorias.png,"carga inicial: método inferido do código, conferir"
255,83,2,dia083_g2_manutencao,outro,,,,,,,dia083_g2_manutencao.png,"carga inicial: método inferido do código, conferir"
256,83,3,dia083_g3_o_que_fica,outro,,,,,,,dia083_g3_o_que_fica.png,"carga inicial: método inferido do código, conferir"
257,84,1,01-pico,equacao,,,,,,,dia-084-grafico-01-pico.png,"carga inicial: método inferido do código, conferir"
258,84,2,02-musica-e-palavra,outro,,,,,,,dia-084-grafico-02-musica-e-palavra.png,"carga inicial: método inferido do código, conferir"
259,84,3,03-depois-do-pico,outro,,,,,,,dia-084-grafico-03-depois-do-pico.png,"carga inicial: método inferido do código, conferir"
260,85,1,dia085_g1_aniversario,outro,,,,,,,dia085_g1_aniversario.png,"carga inicial: método inferido do código, conferir"
261,85,2,dia085_g2_multiplicidade,outro,,,,,,,dia085_g2_multiplicidade.png,"carga inicial: método inferido do código, conferir"
262,85,3,dia085_g3_principios,outro,,,,,,,dia085_g3_principios.png,"carga inicial: método inferido do código, conferir"
263,86,1,01-meia-vida,equacao,,,,,,,dia-086-grafico-01-meia-vida.png,"carga inicial: método inferido do código, conferir"
264,86,2,02-mecanismo,equacao,,,,,,,dia-086-grafico-02-mecanismo.png,"carga inicial: método inferido do código, conferir"
265,86,3,03-desigualdade,equacao,,,,,,,dia-086-grafico-03-desigualdade.png,"carga inicial: método inferido do código, conferir"
266,87,1,01-resultado,tost,,,,,,,dia-087-grafico-01-resultado.png,"carga inicial: método inferido do código, conferir"
267,87,2,02-funil,outro,,,,,,,dia-087-grafico-02-funil.png,"carga inicial: método inferido do código, conferir"
268,87,3,03-contrapeso,outro,,,,,,,dia-087-grafico-03-contrapeso.png,"carga inicial: método inferido do código, conferir"
269,88,1,01-distribuicoes,tost,,,,,,,dia-088-grafico-01-distribuicoes.png,"carga inicial: método inferido do código, conferir"
270,88,2,02-forest-geral,outro,,,,,,,dia-088-grafico-02-forest-geral.png,"carga inicial: método inferido do código, conferir"
271,88,3,03-forest-moderadores,outro,,,,,,,dia-088-grafico-03-forest-moderadores.png,"carga inicial: método inferido do código, conferir"
272,89,1,01-equacao,outro,,,,,,,dia-089-grafico-01-equacao.png,"carga inicial: método inferido do código, conferir"
273,89,2,02-marketville,outro,,,,,,,dia-089-grafico-02-marketville.png,"carga inicial: método inferido do código, conferir"
274,89,3,03-escalada,outro,,,,,,,dia-089-grafico-03-escalada.png,"carga inicial: método inferido do código, conferir"
275,90,1,01-fenda,outro,,,,,,,dia-090-grafico-01-fenda.png,"carga inicial: método inferido do código, conferir"
276,90,2,02-bayes,posterior,,,,,,,dia-090-grafico-02-bayes.png,"carga inicial: método inferido do código, conferir"
277,90,3,03-duelo,outro,,,,,,,dia-090-grafico-03-duelo.png,"carga inicial: método inferido do código, conferir"
278,90,4,04-nuance,outro,,,,,,,dia-090-grafico-04-nuance.png,"carga inicial: método inferido do código, conferir"
279,91,1,01-assimetria,outro,,,,,,,dia-091-grafico-01-assimetria.png,"carga inicial: método inferido do código, conferir"
280,91,2,02-brilho,equacao,,,,,,,dia-091-grafico-02-brilho.png,"carga inicial: método inferido do código, conferir"
281,91,3,03-aritmetica,outro,,,,,,,dia-091-grafico-03-aritmetica.png,"carga inicial: método inferido do código, conferir"
282,92,1,01-forest,outro,,,,,,,dia-092-grafico-01-forest.png,"carga inicial: método inferido do código, conferir"
283,92,2,02-gompertz,equacao,,,,,,,dia-092-grafico-02-gompertz.png,"carga inicial: método inferido do código, conferir"
284,92,3,03-lee,equacao,,,,,,,dia-092-grafico-03-lee.png,"carga inicial: método inferido do código, conferir"
285,93,1,01-horas,outro,,,,,,,dia-093-grafico-01-horas.png,"carga inicial: método inferido do código, conferir"
286,93,2,02-troca,outro,,,,,,,dia-093-grafico-02-troca.png,"carga inicial: método inferido do código, conferir"
287,93,3,03-diades,beta_jeffreys,,,,,,,dia-093-grafico-03-diades.png,"carga inicial: método inferido do código, conferir"
288,93,4,04-orcamento,beta_jeffreys,,,,,,,dia-093-grafico-04-orcamento.png,"carga inicial: método inferido do código, conferir"
289,94,1,01-trajetorias,posterior,,,,,,,dia-094-grafico-01-trajetorias.png,"carga inicial: método inferido do código, conferir"
290,94,2,02-forest,outro,,,,,,,dia-094-grafico-02-forest.png,"carga inicial: método inferido do código, conferir"
291,94,3,03-sala30,posterior,,,,,,,dia-094-grafico-03-sala30.png,"carga inicial: método inferido do código, conferir"
292,95,1,01-fano,outro,,,,,,,dia-095-grafico-01-fano.png,"carga inicial: método inferido do código, conferir"
293,95,2,02-teto-realizado,outro,,,,,,,dia-095-grafico-02-teto-realizado.png,"carga inicial: método inferido do código, conferir"
294,95,3,03-sensibilidade,outro,,,,,,,dia-095-grafico-03-sensibilidade.png,"carga inicial: método inferido do código, conferir"
295,96,1,01-escada,outro,,,,,,,dia-096-grafico-01-escada.png,"carga inicial: método inferido do código, conferir"
296,96,2,02-posterior,posterior,,,,,,,dia-096-grafico-02-posterior.png,"carga inicial: método inferido do código, conferir"
297,96,3,03-duelos,posterior,,,,,,,dia-096-grafico-03-duelos.png,"carga inicial: método inferido do código, conferir"
298,97,1,01-escada,poder,,,,,,,dia-097-grafico-01-escada.png,"carga inicial: método inferido do código, conferir"
299,97,2,02-duelos,outro,,,,,,,dia-097-grafico-02-duelos.png,"carga inicial: método inferido do código, conferir"
300,97,3,03-piso,outro,,,,,,,dia-097-grafico-03-piso.png,"carga inicial: método inferido do código, conferir"
301,98,1,01-duelo,outro,,,,,,,dia-098-grafico-01-duelo.png,"carga inicial: método inferido do código, conferir"
302,98,2,02-tacadas,outro,,,,,,,dia-098-grafico-02-tacadas.png,"carga inicial: método inferido do código, conferir"
303,98,3,03-pista,outro,,,,,,,dia-098-grafico-03-pista.png,"carga inicial: método inferido do código, conferir"
304,99,1,01-relogio,outro,,,,,,,dia-099-grafico-01-relogio.png,"carga inicial: método inferido do código, conferir"
305,99,2,02-altura,outro,,,,,,,dia-099-grafico-02-altura.png,"carga inicial: método inferido do código, conferir"
306,99,3,03-pulso,outro,,,,,,,dia-099-grafico-03-pulso.png,"carga inicial: método inferido do código, conferir"
307,100,1,01-o-que-sabiam,outro,,,,,,,dia-100-grafico-01-o-que-sabiam.png,"carga inicial: método inferido do código, conferir"
308,100,2,02-evasao-comparada,outro,,,,,,,dia-100-grafico-02-evasao-comparada.png,"carga inicial: método inferido do código, conferir"
309,100,3,03-oito-corridas,outro,,,,,,,dia-100-grafico-03-oito-corridas.png,"carga inicial: método inferido do código, conferir"
310,101,1,01-gradiente,outro,,,,,,,dia-101-grafico-01-gradiente.png,"carga inicial: método inferido do código, conferir"
311,101,2,02-quem-ganha,outro,,,,,,,dia-101-grafico-02-quem-ganha.png,"carga inicial: método inferido do código, conferir"
312,101,3,03-dois-tercos,beta_jeffreys,,,,,,,dia-101-grafico-03-dois-tercos.png,"carga inicial: método inferido do código, conferir"
313,101,4,04-a-mesa,beta_jeffreys,,,,,,,dia-101-grafico-04-a-mesa.png,"carga inicial: método inferido do código, conferir"
314,102,1,01-duas-reguas,beta_jeffreys,,,,,,,dia-102-grafico-01-duas-reguas.png,"carga inicial: método inferido do código, conferir"
315,102,2,02-dois-mercados,beta_jeffreys,,,,,,,dia-102-grafico-02-dois-mercados.png,"carga inicial: método inferido do código, conferir"
316,102,3,03-dezembro,outro,,,,,,,dia-102-grafico-03-dezembro.png,"carga inicial: método inferido do código, conferir"
317,102,4,04-quem-tem-no-brasil,outro,,,,,,,dia-102-grafico-04-quem-tem-no-brasil.png,"carga inicial: método inferido do código, conferir"
318,103,1,01-fila-errada,outro,,,,,,,dia-103-grafico-01-fila-errada.png,"carga inicial: método inferido do código, conferir"
319,103,2,02-ao-lado-contra-a-melhor,outro,,,,,,,dia-103-grafico-02-ao-lado-contra-a-melhor.png,"carga inicial: método inferido do código, conferir"
320,103,3,03-mais-caixas,outro,,,,,,,dia-103-grafico-03-mais-caixas.png,"carga inicial: método inferido do código, conferir"
321,103,4,04-arrependimento,outro,,,,,,,dia-103-grafico-04-arrependimento.png,"carga inicial: método inferido do código, conferir"
322,104,1,01-sem-memoria,beta_jeffreys,,,,,,,dia-104-grafico-01-sem-memoria.png,"carga inicial: método inferido do código, conferir"
323,104,2,02-ranking,beta_jeffreys,,,,,,,dia-104-grafico-02-ranking.png,"carga inicial: método inferido do código, conferir"
324,104,3,03-atraso,outro,,,,,,,dia-104-grafico-03-atraso.png,"carga inicial: método inferido do código, conferir"
325,105,1,01-prevalencia,beta_jeffreys,,,,,,,dia-105-grafico-01-prevalencia.png,"carga inicial: método inferido do código, conferir"
326,105,2,02-proximo-arrepio,monte_carlo,,,,,,,dia-105-grafico-02-proximo-arrepio.png,"carga inicial: método inferido do código, conferir"
327,105,3,03-manipulacao,equacao,,,,,,,dia-105-grafico-03-manipulacao.png,"carga inicial: método inferido do código, conferir"
328,106,1,01-mesmo-jogo,outro,,,,,,,dia-106-grafico-01-mesmo-jogo.png,"carga inicial: método inferido do código, conferir"
329,106,2,02-equacao,outro,,,,,,,dia-106-grafico-02-equacao.png,"carga inicial: método inferido do código, conferir"
330,106,3,03-duelos,outro,,,,,,,dia-106-grafico-03-duelos.png,"carga inicial: método inferido do código, conferir"
331,111,1,Posterior de Jeffreys ingenuo,beta_jeffreys,279,"Estudo 1: 0,35 sobre 671 registros. Estudo 2: 0,43 sobre 4.335 registros.","E1 IC95 [31,5%; 38,7%]. E2 IC95 [41,5%; 44,5%], largura 2,9 pp.",41.5,44.5,,dia-111-grafico-01-dois-numeros.png,"Conta cada anotacao como observacao independente. E a leitura ingenua, mostrada para ser derrubada."
332,111,2,Correcao por efeito de desenho,equacao,279,"n efetivo = n / [1 + (m-1)*rho], m=20,74, rho varrido de 0 a 1.","rho=0: [41,5%; 44,5%], 2,9 pp. rho=0,20 (central): [39,7%; 46,3%], 6,5 pp. rho=1 (a unidade vira a pessoa): [36,4%; 49,8%], 13,3 pp.",36.4,49.8,,dia-111-grafico-02-a-amostra.png,"rho NAO e publicado no artigo: escolha nossa, varrida de 0 a 1, central 0,20. Declarado no grafico 2, no carrossel e nas limitacoes."
333,111,3,35% e 43% sao distinguiveis?,monte_carlo,279,"Sorteio de 500 mil pares das posteriores dos dois estudos, semente 42.","Contando anotacao: P(E2>E1)=100%, diferenca +8,0 pp [+4,0; +11,8]. Contando pessoa: P(E2>E1)=88,1%, diferenca +7,8 pp [-5,3; +20,4], ZERO DENTRO do intervalo.",-5.3,20.4,42,dia-111-grafico-01-dois-numeros.png,"Mesmo artigo, mesmo metodo, dois numeros. Contando pessoa nao da para afirmar que sao diferentes."
334,111,4,Distribuicao entre pessoas,simulacao,279,"Beta-binomial calibrada em media 0,43 e rho=0,20: Beta(1,72; 2,28).","Desvio padrao 22,1 pp (51% da media). Decis 10-90: de 14% a 74%. P(mais da metade do dia no automatico)=37,8%.",14.0,74.0,,dia-111-grafico-03-o-seu-dia.png,"Nao e medida de centro, e a distribuicao. Depende de rho, declarado."
335,111,5,O dia em horas,monte_carlo,279,"Dez horas acordado por pessoa, p ~ Beta(1,72; 2,28), 500 mil dias, semente 42. Comparado com um mundo em que todos fossem p=0,43.","Media 4,3 h nos dois mundos. Decis: 1 a 8 h (real) contra 2 a 6 h (todos na media). P(dia inteiro decidido na hora): 6,7% contra 0,37%.",,,42,dia-111-grafico-04-as-horas.png,"A media sobrevive e o dia nao. Traducao declarada: as dez horas vem da media de anotacoes por dia, nao de medida de tempo acordado."
