dia,data_real,github_url,substack_url,instagram_url,wayback_url,dashboard_ok,commit_hash
1,2026-06-14,https://github.com/anac82/365-probabilidades/blob/main/modelos/mes-01-janeiro/dia-001-emprego-errado.ipynb,https://anaalexandrino.substack.com/p/dia-001-qual-a-probabilidade-de-voce,https://www.instagram.com/p/DZlF-m6GJTZ/?img_index=1,https://web.archive.org/web/20260614205416/https://anaalexandrino.substack.com/p/dia-001-qual-a-probabilidade-de-voce,1,
2,2026-06-15,https://github.com/anac82/365-probabilidades/blob/main/modelos/mes-01-janeiro/dia-002-probabilidade-arrependimento.ipynb,https://anaalexandrino.substack.com/p/dia-002-qual-a-probabilidade-de-voce,https://www.instagram.com/p/DZm6NC3kY01/?img_index=1,https://web.archive.org/web/20260615133933/https://anaalexandrino.substack.com/p/dia-002-qual-a-probabilidade-de-voce,1,
3,2026-06-16,https://github.com/anac82/365-probabilidades/blob/main/modelos/mes-01-janeiro/dia-003-amizades-renda.ipynb,https://anaalexandrino.substack.com/p/dia-003-qual-a-probabilidade-de-as,https://www.instagram.com/p/DZpcA9hDi_d/?img_index=1,https://web.archive.org/web/20260616144925/https://anaalexandrino.substack.com/p/dia-003-qual-a-probabilidade-de-as,1,
4,2026-06-17,https://github.com/anac82/365-probabilidades/blob/main/modelos/mes-01-janeiro/dia-004-coragem.ipynb,https://anaalexandrino.substack.com/p/dia-004-qual-a-probabilidade-de-voce,https://www.instagram.com/p/DZr9X6IEdEC/?img_index=1,https://web.archive.org/web/20260617122741/https://anaalexandrino.substack.com/p/dia-004-qual-a-probabilidade-de-voce,1,
5,2026-06-18,https://github.com/anac82/365-probabilidades/blob/main/modelos/mes-01-janeiro/dia-005-salario-felicidade.ipynb,https://anaalexandrino.substack.com/p/dia-005-qual-a-probabilidade-de-o,https://www.instagram.com/p/DZu-4QRkbv6/?img_index=1,https://web.archive.org/web/20260618163928/https://anaalexandrino.substack.com/p/dia-005-qual-a-probabilidade-de-o,1,
6,2026-06-19,https://github.com/anac82/365-probabilidades/blob/main/modelos/mes-01-janeiro/dia-006-conscienciosidade.ipynb,https://anaalexandrino.substack.com/p/dia-006-qual-a-probabilidade-de-disciplina,https://www.instagram.com/p/DZxoibZFBpH/?img_index=1,https://web.archive.org/web/20260619181102/https://anaalexandrino.substack.com/p/dia-006-qual-a-probabilidade-de-disciplina,1,
7,2026-06-20,https://github.com/anac82/365-probabilidades/blob/main/modelos/mes-01-janeiro/dia-007-percepcao-felicidade.ipynb,https://anaalexandrino.substack.com/p/dia-007-qual-a-probabilidade-de-voce,https://www.instagram.com/p/DZz3N87EX8Y/?img_index=1,https://web.archive.org/web/20260620140536/https://anaalexandrino.substack.com/p/dia-007-qual-a-probabilidade-de-voce,1,
8,2026-06-21,https://github.com/anac82/365-probabilidades/blob/main/modelos/mes-01-janeiro/dia-008-hereditariedade.ipynb,https://anaalexandrino.substack.com/p/dia-008-qual-a-probabilidade-de-voce,https://www.instagram.com/p/DZ2mIrmEbMi/?img_index=1,https://web.archive.org/web/20260621153432/https://anaalexandrino.substack.com/p/dia-008-qual-a-probabilidade-de-voce,1,
9,2026-06-22,https://github.com/anac82/365-probabilidades/blob/main/modelos/mes-01-janeiro/dia-009-horas-produtividade.ipynb,https://anaalexandrino.substack.com/p/dia-009-qual-a-probabilidade-de-suas,https://www.instagram.com/p/DZ4yRZ5EcYg/?img_index=1,https://web.archive.org/web/20260622115759/https://anaalexandrino.substack.com/p/dia-009-qual-a-probabilidade-de-suas,1,
10,2026-06-23,https://github.com/anac82/365-probabilidades/blob/main/modelos/mes-01-janeiro/dia-010-crescimento-pos-perda.ipynb,https://anaalexandrino.substack.com/p/dia-010-qual-a-probabilidade-de-voce,https://www.instagram.com/p/DZ7uOG1EcSn/?img_index=1,https://web.archive.org/web/20260623180358/https://anaalexandrino.substack.com/p/dia-010-qual-a-probabilidade-de-voce,1,
11,2026-06-24,https://github.com/anac82/365-probabilidades/blob/main/modelos/mes-01-janeiro/dia-011-estilos-apego.ipynb,https://anaalexandrino.substack.com/p/dia-011-qual-a-probabilidade-de-a,https://www.instagram.com/p/DZ9_1lkkYfT/?img_index=1,https://web.archive.org/web/20260624123251/https://anaalexandrino.substack.com/p/dia-011-qual-a-probabilidade-de-a,1,
12,2026-06-25,https://github.com/anac82/365-probabilidades/blob/main/modelos/mes-01-janeiro/dia-012-piloto-automatico.ipynb,https://anaalexandrino.substack.com/p/dia-012-qual-a-probabilidade-de-voce,https://www.instagram.com/p/DaA22aTEUOe/?img_index=1,https://web.archive.org/web/20260625150634/https://anaalexandrino.substack.com/p/dia-012-qual-a-probabilidade-de-voce,1,
13,2026-06-26,https://github.com/anac82/365-probabilidades/blob/main/modelos/mes-01-janeiro/dia-013-ciencia-do-nao-fazer-nada.ipynb,https://anaalexandrino.substack.com/p/dia-013-qual-a-probabilidade-de-fazer,https://www.instagram.com/p/DaDAooqkc7i/?img_index=1,https://web.archive.org/web/20260626170812/https://anaalexandrino.substack.com/p/dia-013-qual-a-probabilidade-de-fazer,1,
14,2026-06-27,https://github.com/anac82/365-probabilidades/blob/main/modelos/mes-01-janeiro/dia-014-vinculo-a-distancia.ipynb,https://anaalexandrino.substack.com/p/dia-014-qual-a-probabilidade-de-a,https://www.instagram.com/p/DaFyespkVCI/?img_index=1,https://web.archive.org/web/20260627213600/https://anaalexandrino.substack.com/p/dia-014-qual-a-probabilidade-de-a,1,
15,2026-06-28,https://github.com/anac82/365-probabilidades/blob/main/modelos/mes-01-janeiro/dia-015-contagio-emocional.ipynb,https://anaalexandrino.substack.com/p/dia-015-qual-a-probabilidade-de-a,https://www.instagram.com/p/DaJPAXImL9F/?img_index=1,https://web.archive.org/web/20260628213811/https://anaalexandrino.substack.com/p/dia-015-qual-a-probabilidade-de-a,1,
16,2026-06-29,https://github.com/anac82/365-probabilidades/blob/main/modelos/mes-01-janeiro/dia-016-recomeco-carreira.ipynb,https://anaalexandrino.substack.com/p/dia-016-qual-a-probabilidade-de-recomecar,https://www.instagram.com/p/DaLSnP1EXgM/?img_index=1,https://web.archive.org/web/20260629162554/https://anaalexandrino.substack.com/p/dia-016-qual-a-probabilidade-de-recomecar,1,
17,2026-06-30,https://github.com/anac82/365-probabilidades/blob/main/modelos/mes-01-janeiro/dia-017-what-the-hell-effect.ipynb,https://anaalexandrino.substack.com/p/dia-017-qual-a-probabilidade-de-uma,https://www.instagram.com/p/DaNPbuoEQpw/?img_index=1,https://web.archive.org/web/20260630103531/https://anaalexandrino.substack.com/p/dia-017-qual-a-probabilidade-de-uma,1,
18,2026-07-01,https://github.com/anac82/365-probabilidades/blob/main/modelos/mes-01-janeiro/dia-018-humor-longevidade.ipynb,https://anaalexandrino.substack.com/p/dia-018-qual-a-probabilidade-de-o,https://www.instagram.com/p/DaPxzqikW0f/?img_index=1,https://web.archive.org/web/20260701100153/https://anaalexandrino.substack.com/p/dia-018-qual-a-probabilidade-de-o,1,
19,2026-07-02,https://github.com/anac82/365-probabilidades/blob/main/modelos/mes-01-janeiro/dia-019-reclamacao-sem-solucao.ipynb,https://anaalexandrino.substack.com/p/dia-019-qual-a-probabilidade-de-quem,https://www.instagram.com/p/DaSm8xVEcZr/?img_index=1,https://web.archive.org/web/20260702124945/https://anaalexandrino.substack.com/p/dia-019-qual-a-probabilidade-de-quem,1,
20,2026-07-03,https://github.com/anac82/365-probabilidades/blob/main/modelos/mes-01-janeiro/dia-020-multitarefa.ipynb,https://anaalexandrino.substack.com/p/dia-020-qual-a-probabilidade-de-fazer,https://www.instagram.com/p/DaVHqj0Eaqf/?img_index=1,https://archive.ph/mfYMu,1,
21,2026-07-04,https://github.com/anac82/365-probabilidades/blob/main/modelos/mes-01-janeiro/dia-021-paradoxo-escolha.ipynb,https://anaalexandrino.substack.com/p/dia-021-qual-a-probabilidade-de-ter,https://instagram.com/p/DaX_q7IkY_l/?img_index=1,https://archive.ph/uLv8L,1,
22,2026-07-05,https://github.com/anac82/365-probabilidades/blob/main/modelos/mes-01-janeiro/dia-022-eu-futuro.ipynb,https://anaalexandrino.substack.com/p/dia-022-qual-a-probabilidade-de-voce,https://www.instagram.com/p/DaafMdMkVaS/?img_index=1,https://archive.ph/Re52W,1,
23,2026-07-06,https://github.com/anac82/365-probabilidades/blob/main/modelos/mes-01-janeiro/dia-023-futuro-trabalho.ipynb,https://anaalexandrino.substack.com/p/dia-023-qual-a-probabilidade-de-o,https://www.instagram.com/p/Dac5MJbRvZP/,https://archive.ph/Yz7wY,1,
24,2026-07-07,https://github.com/anac82/365-probabilidades/blob/main/modelos/mes-01-janeiro/dia-024-amizades.ipynb,https://anaalexandrino.substack.com/p/dia-024-qual-a-probabilidade-de-voce,https://www.instagram.com/p/DafQqXekZ8p/?img_index=1,https://archive.ph/w22oK,1,
25,2026-07-08,https://github.com/anac82/365-probabilidades/blob/main/modelos/mes-01-janeiro/dia-025-comprar-tempo.ipynb,https://anaalexandrino.substack.com/p/dia-025-qual-a-probabilidade-de-gastar,https://www.instagram.com/p/Dah76sZkV_d/?img_index=1,https://archive.ph/kIMwe,1,
26,2026-07-09,https://github.com/anac82/365-probabilidades/blob/main/modelos/mes-01-janeiro/dia-026-lembranca-distinta.ipynb,https://anaalexandrino.substack.com/p/dia-026-qual-a-probabilidade-de-uma,https://www.instagram.com/p/DakhxMREcu3/,https://archive.ph/mvYFw,1,
27,2026-07-10,https://github.com/anac82/365-probabilidades/blob/main/modelos/mes-01-janeiro/dia-027-dunning-kruger.ipynb,https://anaalexandrino.substack.com/p/dia-027-qual-a-probabilidade-de-voce,https://www.instagram.com/p/DanT6JXkQKZ/,https://archive.ph/or67A,1,
28,2026-07-11,https://github.com/anac82/365-probabilidades/blob/main/modelos/mes-01-janeiro/dia-028-gratidao-diaria.ipynb,https://anaalexandrino.substack.com/p/dia-028-qual-a-probabilidade-de-a,https://www.instagram.com/p/DappEnqkUSl/,https://archive.ph/9uVPc,1,
29,2026-07-12,https://github.com/anac82/365-probabilidades/blob/main/modelos/mes-01-janeiro/dia-029-viesduracao.ipynb,https://anaalexandrino.substack.com/p/dia-029-qual-a-probabilidade-de-a,https://www.instagram.com/p/DasV-R7kVaf/,https://archive.ph/cIf4e,1,
30,2026-07-13,https://github.com/anac82/365-probabilidades/blob/main/modelos/mes-01-janeiro/dia-030-preocupacao.ipynb,https://anaalexandrino.substack.com/p/dia-030-qual-a-probabilidade-de-a,https://www.instagram.com/p/Dau8pQLkS6O/,https://archive.ph/YGlNZ,1,
31,2026-07-14,https://github.com/anac82/365-probabilidades/blob/main/modelos/dias-031-060/dia-031-curva-abandono.ipynb,https://anaalexandrino.substack.com/p/dia-031-qual-a-probabilidade-de-um,https://www.instagram.com/p/DaxX-geEYh7/,https://archive.ph/1qOFe,1,
32,2026-07-15,https://github.com/anac82/365-probabilidades/blob/main/modelos/dias-031-060/dia-032-leitura-longevidade.ipynb,https://anaalexandrino.substack.com/p/dia-032-qual-a-probabilidade-de-o,https://www.instagram.com/p/Da0X8sGEaTj/,https://archive.ph/bvfi6,1,
33,2026-07-16,https://github.com/anac82/365-probabilidades/blob/main/modelos/dias-031-060/dia-033-carga-alostatica.ipynb,https://anaalexandrino.substack.com/p/dia-33-qual-a-probabilidade-de-o,https://www.instagram.com/p/Da2k_8CEbNM/,https://archive.ph/NGeT4,1,
34,2026-07-17,https://github.com/anac82/365-probabilidades/blob/main/modelos/dias-031-060/dia-034-exercicio-humor.ipynb,https://anaalexandrino.substack.com/p/dia-034-qual-a-probabilidade-de-menos,https://www.instagram.com/p/Da5Mc6ZkZnY/,https://archive.ph/CkbpM,1,
35,2026-07-18,https://github.com/anac82/365-probabilidades/blob/main/modelos/dias-031-060/dia-035-peak-end-rule.ipynb,https://anaalexandrino.substack.com/p/dia-035-qual-a-probabilidade-de-dois,https://www.instagram.com/p/Da7p3I7EUM9/,https://archive.ph/UM3NI,1,
36,2026-07-19,https://github.com/anac82/365-probabilidades/blob/main/modelos/dias-031-060/dia-036-formacao-habito.ipynb,https://anaalexandrino.substack.com/p/dia-036-qual-a-probabilidade-de-um,INSTAGRAM_DO_36_AQUI,https://archive.ph/OKAf7,1,
37,2026-07-20,https://github.com/anac82/365-probabilidades/blob/main/modelos/dias-031-060/dia-037-sono-emocoes.ipynb,https://anaalexandrino.substack.com/p/dia-037-qual-a-probabilidade-de-dormir,https://www.instagram.com/p/DbA0gbxR1XL/,https://archive.ph/rD38m,1,
38,2026-07-21,https://github.com/anac82/365-probabilidades/blob/main/modelos/dias-031-060/dia-038-efeito-holofote.ipynb,https://anaalexandrino.substack.com/p/dia-038-qual-a-probabilidade-de-ninguem,https://www.instagram.com/p/DbDVgVuERrz/,https://archive.ph/kyAIc,1,
39,2026-07-22,https://github.com/anac82/365-probabilidades/blob/main/modelos/dias-031-060/dia-039-intuicao-vs-formula.ipynb,https://anaalexandrino.substack.com/p/dia-039-qual-a-probabilidade-de-a,https://www.instagram.com/p/DbF6E5dxRiK/,https://archive.ph/L4BQT,1,
40,2026-07-23,https://github.com/anac82/365-probabilidades/blob/main/modelos/dias-031-060/dia-040-conversar-com-estranhos.ipynb,https://anaalexandrino.substack.com/p/dia-040-qual-a-probabilidade-de-conversar,https://www.instagram.com/p/DbJCMvYkbRP/?img_index=1,https://archive.ph/sUsD2,1,
41,2026-07-24,https://github.com/anac82/365-probabilidades/blob/main/modelos/dias-031-060/dia-041-ilusao-fim-da-historia.ipynb,https://anaalexandrino.substack.com/p/dia-041-qual-a-probabilidade-de-voce,https://www.instagram.com/p/DbMWTHAxAVY/,https://archive.ph/CaJjF,1,
42,2026-07-25,https://github.com/anac82/365-probabilidades/blob/main/modelos/dias-031-060/dia-042-saudade-que-faz-bem.ipynb,https://anaalexandrino.substack.com/p/dia-042-qual-a-probabilidade-de-sentir,https://www.instagram.com/p/DbNzmXTEeib/?img_index=1,https://archive.ph/u7OlL,1,
43,2026-07-26,https://github.com/anac82/365-probabilidades/blob/main/modelos/dias-031-060/dia-043-corpo-esqueceu.ipynb,https://anaalexandrino.substack.com/p/dia-043-qual-a-probabilidade-de-o,https://www.instagram.com/p/DbRYS1Ox3Ic/,https://archive.ph/LWWRY,1,
44,2026-07-27,https://github.com/anac82/365-probabilidades/blob/main/modelos/dias-031-060/dia-044-procrastinacao.ipynb,https://anaalexandrino.substack.com/p/dia-044-qual-a-probabilidade-de-a,https://www.instagram.com/p/DbTSmL5kdgA/?img_index=1,https://archive.ph/5Ekzu,1,
45,2026-07-28,https://github.com/anac82/365-probabilidades/blob/main/modelos/dias-031-060/dia-045-implementacao.ipynb,https://anaalexandrino.substack.com/p/dia-045-qual-a-probabilidade-de-uma,https://www.instagram.com/p/DbVO5I4R_4V/,https://archive.ph/fy0bB,1,
46,2026-07-29,https://github.com/anac82/365-probabilidades/blob/main/modelos/dias-031-060/dia-046-paradoxo-salomao.ipynb,https://anaalexandrino.substack.com/p/dia-046-qual-a-probabilidade-de-voce,https://www.instagram.com/p/DbYaJJkEcXL/?img_index=1,https://archive.ph/v6m3y,1,
47,2026-07-30,https://github.com/anac82/365-probabilidades/blob/main/modelos/dias-031-060/dia-047-percepcao-tempo.ipynb,https://anaalexandrino.substack.com/p/dia-047-qual-a-probabilidade-de-fazer,https://www.instagram.com/p/DbalrwWRcJP/,https://archive.ph/qSxlj,1,
48,2026-07-31,https://github.com/anac82/365-probabilidades/blob/main/modelos/dias-031-060/dia-048-efeito-pratfall.ipynb,https://anaalexandrino.substack.com/p/dia-048-qual-a-probabilidade-de-mostrar,https://www.instagram.com/p/Dbc-JtGkahv/,https://archive.ph/gkyBN,1,
49,2026-08-01,https://github.com/anac82/365-probabilidades/blob/main/modelos/dias-031-060/dia-049-gentileza-subestimada.ipynb,https://anaalexandrino.substack.com/p/dia-049-qual-a-probabilidade-de-o,https://www.instagram.com/p/DbfyIBcEVtc/,https://archive.ph/inx5v,1,
50,2026-08-02,https://github.com/anac82/365-probabilidades/blob/main/modelos/dias-031-060/dia-050-fresh-start.ipynb,https://anaalexandrino.substack.com/p/dia-050-qual-a-probabilidade-de-segunda,https://www.instagram.com/p/DbjbWRIRrvX/,[ARCHIVE],1,
51,2026-08-03,https://github.com/anac82/365-probabilidades/blob/main/modelos/dias-031-060/dia-051-previsibilidade-acalma.ipynb,https://anaalexandrino.substack.com/p/dia-051-qual-a-probabilidade-de-a,https://www.instagram.com/p/Dbkx_C1R6Np/,https://archive.ph/LbJu6,1,
52,2026-08-04,https://github.com/anac82/365-probabilidades/blob/main/modelos/dias-031-060/dia-052-custo-afundado.ipynb,https://anaalexandrino.substack.com/p/dia-052-qual-a-probabilidade-de-voce,https://www.instagram.com/p/DbnV7yIkRgM/?img_index=1,https://archive.ph/pClRP,1,
53,2026-08-05,https://github.com/anac82/365-probabilidades/blob/main/modelos/dias-031-060/dia-053-sorte-vs-competencia.ipynb,https://anaalexandrino.substack.com/p/dia-053-qual-a-probabilidade-de-a,https://www.instagram.com/p/DbqAInyR_vJ/,https://archive.ph/gsmth,1,
54,2026-08-06,https://github.com/anac82/365-probabilidades/blob/main/modelos/dias-031-060/dia-054-lacos-fracos.ipynb,https://anaalexandrino.substack.com/p/dia-054-qual-a-probabilidade-de-o,https://www.instagram.com/p/DbsujF6RSjr/,https://archive.ph/TelHO,1,
55,2026-08-07,https://github.com/anac82/365-probabilidades/blob/main/modelos/dias-031-060/dia-055-sindrome-impostor.ipynb,https://anaalexandrino.substack.com/p/dia-055-qual-a-probabilidade-de-a,https://www.instagram.com/p/DbvW8r1x-Z5/,https://archive.ph/3IS6s,1,
56,2026-08-08,https://github.com/anac82/365-probabilidades/blob/main/modelos/dias-031-060/dia-056-efeito-borboleta.ipynb,https://anaalexandrino.substack.com/p/dia-056-qual-a-probabilidade-de-uma,https://www.instagram.com/p/DbyyrozFVcc/,https://archive.ph/SiE3U,1,
57,2026-08-09,https://github.com/anac82/365-probabilidades/blob/main/modelos/dias-031-060/dia-057-pai-presente.ipynb,https://anaalexandrino.substack.com/p/dia-057-qual-a-probabilidade-de-o,https://www.instagram.com/p/Db0h4C5lfuH/,https://archive.ph/OzLBJ,1,
58,2026-08-10,https://github.com/anac82/365-probabilidades/blob/main/modelos/dias-031-060/dia-058-segunda-motivo-errado.ipynb,https://anaalexandrino.substack.com/p/dia-058-qual-a-probabilidade-de-voce,https://www.instagram.com/p/Db3AZbnEeP0/?img_index=1,https://archive.ph/6bCq7,1,
59,2026-08-11,https://github.com/anac82/365-probabilidades/blob/main/modelos/dias-031-060/dia-059-fala-menos-competente_2.ipynb,https://anaalexandrino.substack.com/p/dia-059-qual-a-probabilidade-de-quem,https://www.instagram.com/p/Db5PylTRthj/,https://archive.ph/Gzvt7,1,
60,2026-08-12,https://github.com/anac82/365-probabilidades/blob/main/modelos/dias-031-060/dia-060-disciplina-identidade.ipynb,https://anaalexandrino.substack.com/p/dia-060-qual-a-probabilidade-de-a,https://www.instagram.com/p/Db8od_clCxf/,https://archive.ph/kk7H6,1,
61,2026-08-13,https://github.com/anac82/365-probabilidades/blob/main/modelos/dias-061-090/dia-061-sentir-se-certo_2.ipynb,https://anaalexandrino.substack.com/p/dia-061-qual-a-probabilidade-de-voce,https://www.instagram.com/p/Db-RLsrSiOP/,https://archive.ph/y9Rkx,1,
62,2026-08-14,https://github.com/anac82/365-probabilidades/blob/main/modelos/dias-061-090/dia-062-mais-novo-da-sala.ipynb,https://anaalexandrino.substack.com/p/dia-062-qual-a-probabilidade-de-ser,https://www.instagram.com/p/DcA5Y_IBj-a/,https://archive.ph/qzHYH,1,
63,2026-08-15,https://github.com/anac82/365-probabilidades/blob/main/modelos/dias-061-090/dia-063-prever-a-si-mesmo.ipynb,https://anaalexandrino.substack.com/p/dia-063-qual-a-probabilidade-de-voce,https://www.instagram.com/p/DcDch4AGLmn/,https://archive.ph/AhFLh,1,
64,2026-08-16,https://github.com/anac82/365-probabilidades/blob/main/modelos/dias-061-090/dia-064-proposito-e-mortalidade.ipynb,https://anaalexandrino.substack.com/p/dia-064-qual-a-probabilidade-de-ter,https://www.instagram.com/p/DcGMGOAxp-G/,https://archive.ph/GhBet,1,
65,2026-08-17,https://github.com/anac82/365-probabilidades/blob/main/modelos/dias-061-090/dia-065-memoria-implantada.ipynb,https://anaalexandrino.substack.com/p/dia-065-qual-a-probabilidade-de-uma,https://www.instagram.com/p/DcIjz3eB-xx/,https://archive.ph/rsEta,1,
66,2026-08-18,https://github.com/anac82/365-probabilidades/blob/main/modelos/dias-061-090/dia-066-paradoxo-de-simpson.ipynb,https://anaalexandrino.substack.com/p/dia-066-qual-a-probabilidade-de-o,https://www.instagram.com/p/DcLImTqmAk5/,https://archive.ph/ph12u,1,
67,2026-08-19,https://github.com/anac82/365-probabilidades/blob/main/modelos/dias-061-090/dia-067-fadiga-de-decisao.ipynb,https://anaalexandrino.substack.com/p/dia-067-qual-a-probabilidade-de-a,https://www.instagram.com/p/DcNvFT7B4gZ/,https://archive.ph/ZG1SG,1,
68,2026-08-20,https://github.com/anac82/365-probabilidades/blob/main/modelos/dias-061-090/dia-068-euforia-da-corrida.ipynb,https://anaalexandrino.substack.com/p/dia-068-qual-a-probabilidade-de-a,https://www.instagram.com/p/DcQdZS5EVAx/,https://archive.ph/73SAA,1,
69,2026-08-21,https://github.com/anac82/365-probabilidades/blob/main/modelos/dias-061-090/dia-069-o-preco-da-descricao.ipynb,https://anaalexandrino.substack.com/p/dia-069-qual-a-probabilidade-de-a,https://www.instagram.com/p/DcS4uc_FKWQ/,https://archive.ph/eV7Ui,1,
70,2026-08-22,https://github.com/anac82/365-probabilidades/blob/main/modelos/dias-061-090/dia-070-placebo-aberto.ipynb,https://anaalexandrino.substack.com/p/dia-070-qual-a-probabilidade-de-um,https://www.instagram.com/p/DcYLfTzmEEo/,https://archive.ph/WB6Zw,1,
71,2026-08-23,https://github.com/anac82/365-probabilidades/blob/main/modelos/dias-061-090/dia-071-tempo-com-os-filhos.ipynb,https://anaalexandrino.substack.com/p/dia-071-qual-a-probabilidade-de-o,https://www.instagram.com/p/DcYC6qkmOaO/,https://archive.ph/wtjgt,1,
72,2026-08-24,https://github.com/anac82/365-probabilidades/blob/main/modelos/dias-061-090/dia-072-burnout-142-definicoes.ipynb,https://anaalexandrino.substack.com/p/dia-072-qual-a-probabilidade-de-voce,https://www.instagram.com/p/DcanH_XGPsH/,https://archive.ph/8csno,1,
73,2026-08-25,https://github.com/anac82/365-probabilidades/blob/main/modelos/dias-061-090/dia-073-corrida-e-joelho.ipynb,https://anaalexandrino.substack.com/p/dia-073-qual-a-probabilidade-de-correr,https://www.instagram.com/p/DcdKNY_EcO4/,https://archive.ph/OR5DD,1,
74,2026-08-26,https://github.com/anac82/365-probabilidades/blob/main/modelos/dias-061-090/dia-074-porta-que-se-fecha.ipynb,https://anaalexandrino.substack.com/p/dia-074-qual-a-probabilidade-de-existir,https://www.instagram.com/p/DcfvjdglBkC/,https://archive.ph/b2ppP,1,
75,2026-08-27,https://github.com/anac82/365-probabilidades/blob/main/modelos/dias-061-090/dia-075-paladar-a-10-mil-metros.ipynb,https://anaalexandrino.substack.com/p/dia-075-qual-a-probabilidade-de-o,https://www.instagram.com/p/DciURW2FMgK/,https://archive.ph/dLKOT,1,
76,2026-08-28,https://github.com/anac82/365-probabilidades/blob/main/modelos/dias-061-090/dia-076-relogio-biologico.ipynb,https://anaalexandrino.substack.com/p/dia-076-qual-a-probabilidade-de-o,https://www.instagram.com/p/Dck5JBGlFEf/,https://archive.ph/UTh2P,1,
77,2026-08-29,https://github.com/anac82/365-probabilidades/blob/main/modelos/dias-061-090/dia-077-mala.ipynb,https://anaalexandrino.substack.com/p/dia-077-qual-a-probabilidade-de-a,https://www.instagram.com/p/DcndXrTGJj6/,https://archive.ph/XziXA,1,
78,2026-08-30,https://github.com/anac82/365-probabilidades/blob/main/modelos/dias-061-090/dia-078-a-boa-noticia.ipynb,https://anaalexandrino.substack.com/p/dia-078-qual-a-probabilidade-de-a,https://www.instagram.com/p/DcqZPonEfI_/,https://archive.ph/FFoNA,1,
79,2026-08-31,https://github.com/anac82/365-probabilidades/blob/main/modelos/dias-061-090/dia-079-carater-situacao.ipynb,https://anaalexandrino.substack.com/p/dia-079-qual-a-probabilidade-de-o,https://www.instagram.com/p/DcstwkuGDP8/,https://archive.ph/Ro0Yf,1,
80,2026-09-01,https://github.com/anac82/365-probabilidades/blob/main/modelos/dias-061-090/dia-080-esteira-hedonica.ipynb,https://anaalexandrino.substack.com/p/dia-080-qual-a-probabilidade-de-ganhar,https://www.instagram.com/p/DcvSoXHmGAY/,https://archive.ph/E2ZCD,1,
81,2026-09-02,https://github.com/anac82/365-probabilidades/blob/main/modelos/dias-061-090/dia-081-enquadramento.ipynb,https://anaalexandrino.substack.com/p/dia-081-qual-a-probabilidade-de-a,https://www.instagram.com/p/Dcx3Ww4ET2Y/,https://archive.ph/A4nnw,1,
82,2026-09-03,https://github.com/anac82/365-probabilidades/blob/main/modelos/dias-061-090/dia-082-ordem-de-nascimento.ipynb,https://anaalexandrino.substack.com/p/dia-082-qual-a-probabilidade-de-o,https://www.instagram.com/p/Dc29gYyGNyM/,https://archive.ph/oUjh5,1,
83,2026-09-04,https://github.com/anac82/365-probabilidades/blob/main/modelos/dias-061-090/dia083_rede_v2.ipynb,https://anaalexandrino.substack.com/p/dia-083-qual-a-probabilidade-de-voce,https://www.instagram.com/p/Dc26rv6EToL/,https://archive.ph/ZI2Bn,1,
84,2026-09-05,https://github.com/anac82/365-probabilidades/blob/main/modelos/dias-061-090/dia-084-o-gosto-aos-14.ipynb,https://anaalexandrino.substack.com/p/dia-084-qual-a-probabilidade-de-o,https://www.instagram.com/p/Dc5fhidmCv9/,https://archive.ph/AKGAW,1,
85,2026-09-06,https://github.com/anac82/365-probabilidades/blob/main/modelos/dias-061-090/dia085_coincidencia.ipynb,https://anaalexandrino.substack.com/p/dia-085-qual-a-probabilidade-de-uma,https://www.instagram.com/p/Dc8Kn0YmPag/,https://archive.ph/0fVyb,1,
86,2026-09-07,https://github.com/anac82/365-probabilidades/blob/main/modelos/dias-061-090/NOTEBOOK-FINAL.ipynb,https://anaalexandrino.substack.com/p/dia-086-qual-a-probabilidade-de-fisica,https://www.instagram.com/p/Dc-qK31mC0_/,https://web.archive.org/web/20260907212503/https://anaalexandrino.substack.com/p/dia-086-qual-a-probabilidade-de-fisica,1,
87,2026-09-08,https://github.com/anac82/365-probabilidades/blob/main/modelos/dias-061-090/dia-087-home-office-experimento.ipynb,https://anaalexandrino.substack.com/p/dia-088-qual-a-probabilidade-de-trabalhar,https://www.instagram.com/p/DdBN6gyGDrZ/,https://web.archive.org/web/20260908154516/https://anaalexandrino.substack.com/p/dia-088-qual-a-probabilidade-de-trabalhar,1,
88,2026-09-09,https://github.com/anac82/365-probabilidades/blob/main/modelos/dias-061-090/dia-088-papel-contra-tela.ipynb,https://anaalexandrino.substack.com/p/dia-088-qual-a-probabilidade-de-voce,https://www.instagram.com/p/DdD5iZsmIdp/,https://web.archive.org/web/20260909224008/https://anaalexandrino.substack.com/p/dia-088-qual-a-probabilidade-de-voce,1,
89,2026-09-10,https://github.com/anac82/365-probabilidades/blob/main/modelos/dias-061-090/dia-089-paradoxo-da-amizade.ipynb,https://anaalexandrino.substack.com/p/dia-089-qual-a-probabilidade-de-os,https://www.instagram.com/p/DdGfcS-GI1b/,https://web.archive.org/web/20260910173818/https://anaalexandrino.substack.com/p/dia-089-qual-a-probabilidade-de-os,1,
90,2026-09-11,https://github.com/anac82/365-probabilidades/blob/main/modelos/dias-061-090/dia-090-estresse-corpo-decisao.ipynb,https://anaalexandrino.substack.com/p/dia-090-qual-a-probabilidade-de-o,https://www.instagram.com/p/DdI8zSNmO4I/,https://web.archive.org/web/20260911152435/https://anaalexandrino.substack.com/p/dia-090-qual-a-probabilidade-de-o,1,
91,2026-09-12,https://github.com/anac82/365-probabilidades/blob/main/modelos/dias-091-120/dia-091-a-viagem-antes-da-viagem.ipynb,https://anaalexandrino.substack.com/p/dia-091-qual-a-probabilidade-de-a,https://www.instagram.com/p/DdLhmSalL3E/,https://web.archive.org/web/20260912230353/https://anaalexandrino.substack.com/p/dia-091-qual-a-probabilidade-de-a,1,
92,2026-09-13,https://github.com/anac82/365-probabilidades/blob/main/modelos/dias-091-120/dia-092-otimismo-e-longevidade.ipynb,https://anaalexandrino.substack.com/p/dia-092-qual-a-probabilidade-de-o,https://www.instagram.com/p/DdOF0oyEVSu/,https://web.archive.org/web/20260913192050/https://anaalexandrino.substack.com/p/dia-092-qual-a-probabilidade-de-o,1,
93,2026-09-14,https://github.com/anac82/365-probabilidades/blob/main/modelos/dias-091-120/dia-093-escritorio-aberto.ipynb,https://anaalexandrino.substack.com/p/dia-093-qual-a-probabilidade-de-derrubar,https://www.instagram.com/p/DdQ4CnLkYEM/,https://web.archive.org/web/20260914112835/https://anaalexandrino.substack.com/p/dia-093-qual-a-probabilidade-de-derrubar,1,
94,2026-09-15,https://github.com/anac82/365-probabilidades/blob/main/modelos/dias-091-120/dia-094-trajetoria-resiliente.ipynb,https://anaalexandrino.substack.com/p/dia-094-qual-a-probabilidade-de-voce,https://www.instagram.com/p/DdTNHpZFIwy/,https://web.archive.org/web/20260915140458/https://anaalexandrino.substack.com/p/dia-094-qual-a-probabilidade-de-voce,1,
95,2026-09-16,https://github.com/anac82/365-probabilidades/blob/main/modelos/dias-091-120/dia-095-previsibilidade.ipynb,https://anaalexandrino.substack.com/p/dia-095-qual-a-probabilidade-de-os,https://www.instagram.com/p/DdWGilZEdql/,https://web.archive.org/web/20260916110128/https://anaalexandrino.substack.com/p/dia-095-qual-a-probabilidade-de-os,1,
96,2026-09-17,https://github.com/anac82/365-probabilidades/blob/main/modelos/dias-091-120/dia-096-durma-sobre-o-assunto.ipynb,https://anaalexandrino.substack.com/p/dia-096-qual-a-probabilidade-de-durma,https://www.instagram.com/p/DdYZol8GBBa/,https://web.archive.org/web/20260917100739/https://anaalexandrino.substack.com/p/dia-096-qual-a-probabilidade-de-durma,1,
97,2026-09-18,https://github.com/anac82/365-probabilidades/blob/main/modelos/dias-091-120/dia-097-biculturalismo.ipynb,https://anaalexandrino.substack.com/p/dia-097-qual-a-probabilidade-de-viver,https://www.instagram.com/p/Dda9M8gGJXc/,https://web.archive.org/web/20260918134037/https://anaalexandrino.substack.com/p/dia-097-qual-a-probabilidade-de-viver,1,
98,2026-09-19,https://github.com/anac82/365-probabilidades/blob/main/modelos/dias-091-120/dia-098-bola-da-sorte.ipynb,https://anaalexandrino.substack.com/p/dia-098-qual-a-probabilidade-de-o,https://www.instagram.com/p/DddiBp_Sz5W/,https://web.archive.org/web/20260919201412/https://anaalexandrino.substack.com/p/dia-098-qual-a-probabilidade-de-o,1,
99,2026-09-20,https://github.com/anac82/365-probabilidades/blob/main/modelos/dias-091-120/dia-099-o-folego.ipynb,https://anaalexandrino.substack.com/p/dia-099-qual-a-probabilidade-de-o,https://www.instagram.com/p/DdgHX3BymQD/,https://web.archive.org/web/20260920101605/https://anaalexandrino.substack.com/p/dia-099-qual-a-probabilidade-de-o,1,
100,2026-09-21,https://github.com/anac82/365-probabilidades/blob/main/modelos/dias-091-120/dia-100-descobrir-depois-de-escolher.ipynb,https://anaalexandrino.substack.com/p/dia-100-qual-a-probabilidade-de-voce,https://www.instagram.com/p/Ddi4dI0EcdF/,https://web.archive.org/web/20260921173545/https://anaalexandrino.substack.com/p/dia-100-qual-a-probabilidade-de-voce,1,
101,2026-09-22,https://github.com/anac82/365-probabilidades/blob/main/modelos/dias-091-120/dia-101-bocejo.ipynb,https://anaalexandrino.substack.com/p/dia-101-qual-a-probabilidade-de-voce,https://www.instagram.com/p/DdlOrUHFM2L/,https://web.archive.org/web/20260922132213/https://anaalexandrino.substack.com/p/dia-101-qual-a-probabilidade-de-voce,1,
102,2026-09-23,https://github.com/anac82/365-probabilidades/blob/main/modelos/dias-091-120/dia-102-vender-a-coisa-certa.ipynb,https://anaalexandrino.substack.com/p/dia-102-qual-a-probabilidade-de-voce,https://www.instagram.com/p/Ddn1vxGlL0f/,https://web.archive.org/web/20260923131155/https://anaalexandrino.substack.com/p/dia-102-qual-a-probabilidade-de-voce,1,
103,2026-09-24,https://github.com/anac82/365-probabilidades/blob/main/modelos/dias-091-120/dia-103-fila-errada.ipynb,https://anaalexandrino.substack.com/p/dia-103-qual-a-probabilidade-de-a,https://www.instagram.com/p/DdqbHnbGHkc/,https://web.archive.org/web/20260924170442/https://anaalexandrino.substack.com/p/dia-103-qual-a-probabilidade-de-a,1,
104,2026-09-25,https://github.com/anac82/365-probabilidades/blob/main/modelos/dias-091-120/dia-104-mega-sena-memoria.ipynb,https://anaalexandrino.substack.com/p/dia-104-qual-a-probabilidade-da-mega,https://www.instagram.com/p/Dds-wBLmDr2/,https://web.archive.org/web/20260925224515/https://anaalexandrino.substack.com/p/dia-104-qual-a-probabilidade-da-mega,1,
105,2026-09-26,https://github.com/anac82/365-probabilidades/blob/main/modelos/dias-091-120/dia-105-arrepio-na-musica.ipynb,https://anaalexandrino.substack.com/p/dia-105-qual-a-probabilidade-de-uma,https://www.instagram.com/p/Ddvkt97SaI0/,https://web.archive.org/web/20260926182352/https://anaalexandrino.substack.com/p/dia-105-qual-a-probabilidade-de-uma,1,
106,2026-09-27,https://github.com/anac82/365-probabilidades/blob/main/modelos/dias-091-120/dia-106-a-felicidade-e-a-distancia.ipynb,https://anaalexandrino.substack.com/p/dia-106-qual-a-probabilidade-da-sua,https://www.instagram.com/p/DdyLTZkGIdK/,https://web.archive.org/web/20260927172959/https://anaalexandrino.substack.com/p/dia-106-qual-a-probabilidade-da-sua,1,
