id,ideia_id,data,veredito,motivo,fonte_central_id,x080,x080_motivo,colisoes,forma,modelo_proprio,riscos,perguntas_candidatas
1,1,2026-09-25,go_ressalva,"×0,80 sim; calibrado em 10/09 sem gancho pessoal; candidato a domingo; alerta 23 (Gottman fora)",,,,,,,,
2,2,2026-09-25,go_ressalva,emocional; o fundo da curva está a três anos da Ana,,,,,,,,
3,3,2026-09-25,go_ressalva,"adiado por Ana para ""bem lá pra frente""; conta na cota de disputas; corda #061 (Albarracín)",,,,,,,,
4,4,2026-09-25,go_ressalva,"""muito pesado"" para Ana em 18/09",,,,,,,,
5,5,2026-09-25,go_ressalva,continuação de #062,,,,,,,,
6,6,2026-09-25,go_ressalva,separar bem do #041,,,,,,,,
7,7,2026-09-25,go_ressalva,"DIA INTEIRO PRONTO, SEM NÚMERO. Notebook `dia-108-lado-preferido.ipynb` e Substack entregues em 26/09. Renumerar: nome do arquivo, cabeçalho, rodapé e os quatro PNGs. Achado central: qui-quadrado rejeita a lei com os dados do próprio Benford (p = 0,000026) enquanto nenhum dígito erra 1 pp; ponto de quebra em N = 8.950",,,,,,,,
8,8,2026-09-25,go_ressalva,"validado em 26/09. Viés de seleção de 15 pp; corrigindo Gilovich, Vallone & Tversky 1985, o efeito vai de +3 para +13 pp (26 jogadores, p<0,01); torneio de três pontos +8 pp (33 jogadores). É dia de disputa, conta na cota. Colisões a declarar: Gilovich (#038) e Tversky (#081)",,,,,,,,
9,9,2026-09-25,go_ressalva,"validado em 26/09. Estudo 1 N=70 (35%), Estudo 2 N=209 (43%). ""Habitual"" = autorrelato de ""quase todo dia"" + ""mesmo lugar"", NÃO automaticidade medida. ×0,80 SIM. Saída para tema de hábito sem tocar em Lally",,,,,,,,
10,10,2026-09-25,go_ressalva,"validado com ressalva. Doze estudos, N de 12 a 54. Perfil de amostra pequena, o mesmo que derrubou o dia do cachorro. Se montar, ancorar em Fernbach et al. 2013, *Psych Science*. Único dos quatro que desinfla o leitor, precisa de fecho construtivo",,,,,,,,
11,11,2026-09-25,go_ressalva,nunca validado. Estava reservado ao #110 e foi preterido pelo espectador,,,,,,,,
12,12,2026-09-25,go_ressalva,dezembro: colisão com #025/#026 (mesmo laboratório): só com ângulo declarado,,,,,,,,
13,13,2026-09-25,go_ressalva,meados de outubro: pedido da Ana,,,,,,,,
14,14,2026-09-25,go_ressalva,outubro: distância do #084,,,,,,,,
15,15,2026-09-25,go_ressalva,"validado 25/09; ×0,80 não; alerta 45 (nome completo); candidato a domingo",,,,,,,,
16,16,2026-09-25,go_ressalva,"validado 25/09; ×0,80 não; terceiro dia de mortalidade num domingo, cuidado",,,,,,,,
17,17,2026-09-25,no_go,"descartado por Ana em 25/09 (""muito fraco""); alerta 47",,,,,,,,
18,18,2026-09-25,no_go,"recusado por Ana em 22/09 (""muito triste""); cordas #014 e #100",,,,,,,,
19,19,2026-09-25,go_ressalva,a validar do zero,,,,,,,,
20,20,2026-09-25,go_ressalva,"×0,80 não; ""efeito pequeno defendido como pequeno""",,,,,,,,
21,21,2026-09-25,go_ressalva,"ver #100; ×0,80 sim",,,,,,,,
22,22,2026-09-25,go_ressalva,só com a exceção de fonte de indústria declarada (alerta 27),,,,,,,,
23,23,2026-09-25,go_ressalva,oferecido em 18/09,,,,,,,,
24,24,2026-09-25,go_ressalva,oferecido em 18/09,,,,,,,,
25,25,2026-09-25,no_go,"recusados para o #100, anotados por pedido da Ana; alerta 13 sobre Gladwell",,,,,,,,
26,26,2026-09-25,no_go,Ana não quer neste bloco,,,,,,,,
27,27,2026-09-25,no_go,Ana não quer neste bloco; alertas 37 e 41,,,,,,,,
28,28,2026-09-25,go_ressalva,longe de #085 e #092; alerta 8,,,,,,,,
29,29,2026-09-25,go_ressalva,livre; ângulo: taxa de eliminação fixa,,,,,,,,
30,30,2026-09-25,go_ressalva,Walker queimado; precisa de desfecho objetivo,,,,,,,,
31,31,2026-09-25,go_ressalva,cabalístico natural; não queimar pelo #109,,,,,,,,
32,32,2026-09-25,go_ressalva,,,,,,,,,
33,33,2026-09-25,go_ressalva,oferecido em 22/09,,,,,,,,
34,34,2026-09-25,go_ressalva,oferecido em 22/09,,,,,,,,
35,35,2026-09-25,go_ressalva,oferecido em 22/09,,,,,,,,
36,36,2026-09-25,go_ressalva,oferecido em 22/09,,,,,,,,
37,37,2026-09-25,go_ressalva,oferecido em 22/09; vizinho do #058,,,,,,,,
38,38,2026-09-25,go_ressalva,Steel e Sirois já centrais no #044,,,,,,,,
39,39,2026-09-25,go_ressalva,reuso a declarar,,,,,,,,
40,41,2026-09-27,go_ressalva,"Fonte solida e numero de altissima circulacao. Ressalva: a correlacao intraclasse nao e publicada, e tres das cinco camadas dependem dela.",279,nao,"A reserva previa SIM. Ana decidiu NAO em 27/09, contra a recomendacao inicial. O autorrelato aqui e o objeto medido, nao o ruido a corrigir: ""quase todo dia, no mesmo lugar"" e a definicao da variavel. Mesma decisao do #063. A incerteza entrou pelo tamanho efetivo da amostra, o que alarga o intervalo em vez de empurrar o ponto.","Nenhuma. Wendy Wood nao aparece em #001-#110. ATENCAO: Woods, A. T. (2011), do #075, e outro pesquisador (som e paladar). Usar nome completo.",O numero certo que nao descreve ninguem (achado famoso com critica metodologica),Jeffreys ingenuo; efeito de desenho com varredura de rho; teste entre os dois estudos publicados; Beta-binomial entre pessoas; Monte Carlo do dia.,"Leitor pode achar a critica a media uma chatice (""todo mundo sabe que 1,6 filho nao existe""). Resolvido no texto: a correcao mental que o leitor faz e calibrada para distribuicoes estreitas, e essa nao e.",Qual a probabilidade de o seu dia acontecer sem voce? (escolhida por Ana)
41,42,2026-09-29,go,"Achado proprio, forte e pratico, extraido da base que ela ja tem. Terceiro cabalistico.",280,nao,"Registro oficial, contagem administrativa. Mesma decisao do #104.","MESMA BASE DO #104, a declarar no notebook e no texto. Objeto diferente: o #104 perguntou se a maquina tem memoria (nao tem); o #112 pergunta se os apostadores tem (tem). Ponte interna obrigatoria.",Dado oficial contra comportamento humano (3o cabalistico),"Taxa por grupo com IC exato de Poisson; regressao de Poisson com deslocamento log(arrecadacao) e correcao quase-Poisson por superdispersao (phi=1,53); robustez sem o grupo k=0; traducao para duas apostas de mesma chance.","(1) O grupo de 16 concursos sem numero <=31 quebra a monotonia; e ruido, IC [0,65; 2,33], e um deles e 50-51-56-57-58-59, que e sequencia, outro padrao humano. Declarar. (2) Segundo dia de Mega-Sena em oito dias. (3) Nao dizer que jogar acima de 31 aumenta a chance de GANHAR: aumenta a chance de nao dividir. Sao coisas diferentes.","Escolhida por Ana: ""Qual a probabilidade de voce ter que dividir o premio?"""
42,43,2026-09-29,go_ressalva,"Desenho raro e forte: virus administrado, quarentena, infeccao confirmada em laboratorio. Achado central e contraintuitivo na direcao certa: o abraco segurou e o apoio percebido nao.",281,nao,"Virus administrado e infeccao medida em laboratorio. A contagem de abracos e autorrelatada, mas e a exposicao, nao o desfecho.","Nenhuma. ATENCAO ao alerta 45: escrever sempre Sheldon Cohen, porque Randy Cohen assina fontes do #064 e do #092.",Magnitude honesta (NAO conta na cota de disputa do bloco),Jeffreys sobre as contagens; traducao da OR em risco absoluto com o IC; mapa de fragilidade dos cinco achados por valor de p; poder retrospectivo.,"(1) Tres dos cinco achados na beirada de 0,05. (2) A mediacao de 32% e observacional, nao causal. (3) Os coeficientes impressos (-0,40 para -0,29) implicam 28%, e o artigo diz 32%: diferenca de escala ou arredondamento, usar o publicado. (4) Domingo emocional pede calor, e o dia tem uma camada de desinflar: o fecho precisa entregar algo, nao so tirar.","Escolhida por Ana: ""Qual a probabilidade de um abraco te proteger de um resfriado?"""
43,44,2026-09-30,go,"Dia descritivo por pedido explicito da Ana: ""nao precisa querer invalidar numero, nem um achado fantastico, vamos so procurar a probabilidade de alguem devolver a sua carteira"". Desenho enorme, comportamento observado, e o Brasil esta na amostra.",282,nao,"Comportamento observado em campo, nao autorrelato.",Nenhuma. Cohn nao aparece em #001-#114.,Descritiva com dados originais (NAO conta na cota de disputa),"Jeffreys sobre as taxas globais; Brasil contra o resto do mundo com IC da diferenca; ranking dos 40 paises com intervalo, mostrando quantas posicoes se sobrepoem; previsao dos leigos contra o observado.","RISCO EDITORIAL PRINCIPAL: o Brasil esta na posicao 25 de 40 e o dia NAO pode virar licao de moral sobre o brasileiro. Combinado com a Ana antes de montar. O estudo mede um balcao de instituicao em cidade grande, nao o carater de um povo. O intervalo brasileiro se sobrepoe ao de 10 outros paises, o que ja desarma a leitura de placar.","Escolhida por Ana: ""Qual a probabilidade de alguem devolver a sua carteira?"""
